Loan_ID,Applicant_age,Gender,Marital_Status,Location,No_of_dependents,Education,Self_employed,Income_annum,Loan_amount,Loan_term,Cibil_score,Residential_assets_value,Commercial_assets_value,Luxury_assets_value,Bank_asset_value,Total_assests,Loan_purpose,Interest_rate,EMI_amt,No_of_previous_loan,Credit_utilization_ratio,Loan_status
L1,25,Male,Married,Dubai,2, Graduate, No,9600000,29900000,12,778,2400000,17600000,22700000,8000000,50700000,Business Loan,13.76,28580,1,0.85, Approved
L2,52,Female,Single,Chennai,0, Not Graduate, Yes,4100000,12200000,8,417,2700000,2200000,8800000,3300000,17000000,Car Loan,14.09,78212,3,0.76, Rejected
L3,51,Female,Married,Chennai,3, Graduate, No,9100000,29700000,20,506,7100000,4500000,33300000,12800000,57700000,Personal Loan,5.39,78016,2,0.14, Rejected
L4,23,Female,Married,Bengaluru,3, Graduate, No,8200000,30700000,8,467,18200000,3300000,23300000,7900000,52700000,Business Loan,6.9,139338,2,0.36, Rejected
L5,46,Female,Single,Sydney,5, Not Graduate, Yes,9800000,24200000,20,382,12400000,8200000,29400000,5000000,55000000,Home Loan,5.25,146342,2,0.68, Rejected
L6,39,Female,Single,Chennai,0, Graduate, Yes,4800000,13500000,10,319,6800000,8300000,13700000,5100000,33900000,Education Loan,10.98,113596,1,0.12, Rejected
L7,63,Male,Single,Kolkata,5, Graduate, No,8700000,33000000,4,678,22500000,14800000,29200000,4300000,70800000,Home Loan,14.36,18270,2,0.79, Approved
L8,57,Male,Married,Kolkata,2, Graduate, Yes,5700000,15000000,20,382,13200000,5700000,11800000,6000000,36700000,Car Loan,13.23,112545,2,0.66, Rejected
L9,48,Male,Single,New York,0, Graduate, Yes,800000,2200000,20,782,1300000,800000,2800000,600000,5500000,Home Loan,6.82,102620,3,0.85, Approved
L10,31,Male,Single,London,5, Not Graduate, No,1100000,4300000,10,388,3200000,1400000,3300000,1600000,9500000,Car Loan,6.83,63068,0,0.23, Rejected
L11,27,Male,Single,Chennai,4, Graduate, Yes,2900000,11200000,2,547,8100000,4700000,9500000,3100000,25400000,Car Loan,13.41,26292,2,0.39, Approved
L12,55,Female,Married,Delhi,2, Not Graduate, Yes,6700000,22700000,18,538,15300000,5800000,20400000,6400000,47900000,Home Loan,13.83,140671,1,0.37, Rejected
L13,31,Male,Married,Chennai,3, Not Graduate, Yes,5000000,11600000,16,311,6400000,9600000,14600000,4300000,34900000,Home Loan,9.2,61648,0,0.11, Rejected
L14,53,Male,Married,Kolkata,2, Graduate, Yes,9100000,31500000,14,679,10800000,16600000,20900000,5000000,53300000,Car Loan,10.64,39040,0,0.59, Approved
L15,61,Male,Married,Dubai,1, Not Graduate, No,1900000,7400000,6,469,1900000,1200000,5900000,1900000,10900000,Personal Loan,7.45,98100,2,0.16, Rejected
L16,23,Female,Married,Tokyo,5, Not Graduate, No,4700000,10700000,10,794,5700000,3900000,16400000,4400000,30400000,Car Loan,9.77,58656,3,0.4, Approved
L17,35,Female,Married,London,2, Graduate, Yes,500000,1600000,4,663,1300000,100000,1300000,700000,3400000,Car Loan,11.15,49162,3,0.37, Approved
L18,64,Female,Single,Chennai,4, Not Graduate, Yes,2900000,9400000,14,780,2900000,2800000,6700000,4300000,16700000,Home Loan,10.95,33338,0,0.6, Approved
L19,58,Female,Single,London,2, Graduate, No,2700000,10300000,10,736,1000000,0,6200000,3300000,10500000,Education Loan,13.0,84333,1,0.63, Approved
L20,49,Female,Married,London,5, Graduate, No,6300000,14600000,12,652,10300000,3500000,23500000,5900000,43200000,Education Loan,5.81,88934,4,0.69, Approved
L21,53,Female,Married,Bengaluru,2, Graduate, No,5000000,19400000,12,315,9500000,1600000,18000000,6100000,35200000,Car Loan,6.96,77787,3,0.69, Rejected
L22,37,Female,Single,Dubai,4, Graduate, No,5800000,14000000,16,530,3800000,11300000,22200000,5400000,42700000,Education Loan,11.43,136093,0,0.69, Rejected
L23,43,Male,Single,Chennai,4, Graduate, Yes,6500000,25700000,18,311,13100000,1700000,19500000,8500000,42800000,Education Loan,14.43,112262,0,0.78, Rejected
L24,31,Female,Single,New York,0, Not Graduate, Yes,500000,1400000,2,551,900000,600000,1100000,300000,2900000,Education Loan,11.18,124659,3,0.39, Approved
L25,46,Female,Single,Bengaluru,0, Not Graduate, No,4900000,9800000,16,324,3800000,8700000,10000000,3300000,25800000,Home Loan,6.33,114475,4,0.41, Rejected
L26,37,Male,Married,Bengaluru,5, Not Graduate, No,3100000,9500000,20,514,7900000,3100000,6600000,2600000,20200000,Personal Loan,5.82,90712,4,0.55, Rejected
L27,26,Female,Single,Bengaluru,4, Graduate, No,8200000,28100000,12,696,11500000,10600000,25300000,7200000,54600000,Car Loan,11.53,70083,1,0.56, Approved
L28,24,Male,Single,Kolkata,4, Not Graduate, Yes,2400000,5600000,4,662,4500000,4200000,5400000,2500000,16600000,Personal Loan,11.38,68689,1,0.84, Approved
L29,46,Female,Single,London,5, Not Graduate, Yes,7000000,24000000,6,336,2300000,11900000,27500000,9700000,51400000,Personal Loan,11.28,126155,1,0.76, Rejected
L30,48,Male,Married,Delhi,3, Not Graduate, Yes,9000000,31500000,10,850,21800000,12400000,33700000,8000000,75900000,Business Loan,10.22,62196,2,0.39, Approved
L31,39,Female,Single,New York,2, Not Graduate, No,9800000,25300000,12,313,20200000,5200000,25500000,9300000,60200000,Car Loan,13.42,116919,4,0.7, Rejected
L32,49,Female,Married,Tokyo,2, Graduate, No,5700000,12000000,6,363,3600000,7400000,21700000,4300000,37000000,Personal Loan,5.24,77747,3,0.79, Rejected
L33,38,Male,Married,Kolkata,1, Not Graduate, Yes,800000,1600000,10,436,700000,200000,2200000,1000000,4100000,Home Loan,10.69,46914,3,0.74, Rejected
L34,47,Male,Married,Mumbai,5, Not Graduate, Yes,8400000,22000000,2,830,3800000,3900000,19900000,5400000,33000000,Education Loan,8.56,55782,2,0.67, Approved
L35,39,Male,Married,Chennai,3, Graduate, No,4900000,11900000,8,612,9700000,1200000,19000000,5800000,35700000,Car Loan,14.73,135737,1,0.37, Approved
L36,51,Female,Married,Tokyo,2, Graduate, Yes,1700000,3400000,8,691,2700000,2800000,6000000,900000,12400000,Business Loan,8.58,91220,4,0.88, Approved
L37,60,Female,Married,Bengaluru,3, Not Graduate, No,1600000,6200000,18,636,3400000,700000,5300000,1400000,10800000,Car Loan,6.74,119484,2,0.34, Approved
L38,39,Male,Single,Delhi,5, Graduate, Yes,8000000,27200000,6,348,6400000,300000,16700000,7100000,30500000,Business Loan,9.51,113987,2,0.8, Rejected
L39,46,Female,Married,London,5, Graduate, No,3600000,7700000,16,830,7000000,1300000,10000000,2900000,21200000,Business Loan,11.93,89060,0,0.83, Approved
L40,54,Female,Single,Bengaluru,3, Not Graduate, Yes,1500000,5100000,6,352,100000,200000,5600000,900000,6800000,Personal Loan,8.96,98608,2,0.46, Rejected
L41,56,Male,Single,Delhi,1, Graduate, No,7800000,18100000,2,712,8600000,11200000,21700000,9000000,50500000,Personal Loan,12.96,63407,4,0.35, Approved
L42,38,Female,Married,Tokyo,2, Not Graduate, No,9100000,24900000,16,822,22300000,12100000,31000000,5200000,70600000,Home Loan,5.27,93248,4,0.13, Approved
L43,28,Male,Single,Bengaluru,3, Graduate, No,1400000,3400000,6,540,200000,1500000,3900000,800000,6400000,Home Loan,7.24,43254,3,0.37, Rejected
L44,63,Female,Married,New York,2, Graduate, Yes,800000,2300000,12,342,2200000,1300000,1800000,800000,6100000,Car Loan,13.96,94112,4,0.56, Rejected
L45,39,Female,Married,Dubai,5, Graduate, No,6500000,13400000,18,787,18200000,300000,16200000,5400000,40100000,Car Loan,9.51,96861,3,0.83, Approved
L46,33,Female,Married,Tokyo,4, Graduate, No,8000000,27800000,16,331,13000000,6300000,21400000,10900000,51600000,Education Loan,8.46,118935,2,0.68, Rejected
L47,32,Male,Married,Tokyo,3, Not Graduate, Yes,4200000,14600000,6,679,2400000,6900000,8700000,4900000,22900000,Business Loan,13.79,71710,3,0.51, Approved
L48,23,Female,Married,Tokyo,1, Graduate, Yes,4900000,19100000,14,677,5400000,9100000,17700000,6500000,38700000,Home Loan,7.77,87682,4,0.36, Approved
L49,36,Female,Single,Delhi,3, Not Graduate, No,5500000,20500000,12,634,800000,8600000,18500000,8200000,36100000,Car Loan,9.0,143587,4,0.44, Approved
L50,39,Female,Single,Mumbai,1, Not Graduate, Yes,9500000,19100000,16,662,100000,10500000,37700000,11700000,60000000,Business Loan,10.91,108278,4,0.67, Approved
L51,57,Female,Married,Tokyo,4, Graduate, No,7300000,25400000,16,502,500000,1800000,20500000,10500000,33300000,Car Loan,8.56,72596,4,0.1, Rejected
L52,27,Male,Married,Dubai,2, Graduate, No,8700000,24700000,10,435,6800000,3500000,21800000,11300000,43400000,Personal Loan,13.29,131601,3,0.43, Rejected
L53,60,Female,Single,Tokyo,5, Not Graduate, No,3800000,7600000,4,689,8700000,100000,9300000,3400000,21500000,Education Loan,12.52,132101,0,0.68, Approved
L54,60,Male,Married,Dubai,1, Not Graduate, Yes,8400000,23000000,12,657,15400000,14800000,31900000,8200000,70300000,Business Loan,8.9,47469,0,0.72, Approved
L55,50,Female,Married,New York,2, Graduate, Yes,5100000,19700000,20,590,7400000,9300000,19400000,3400000,39500000,Business Loan,9.38,25215,2,0.28, Approved
L56,50,Female,Single,New York,5, Not Graduate, No,6700000,24500000,12,818,1200000,5600000,16300000,6200000,29300000,Car Loan,9.6,103236,3,0.7, Approved
L57,52,Female,Single,New York,2, Not Graduate, No,4300000,10600000,18,431,2100000,1500000,9300000,5200000,18100000,Car Loan,5.92,76398,4,0.23, Rejected
L58,30,Female,Married,Tokyo,5, Graduate, Yes,9300000,30500000,18,841,19300000,10300000,34600000,8700000,72900000,Home Loan,13.77,101866,0,0.64, Approved
L59,31,Female,Married,Chennai,1, Graduate, No,7400000,18400000,20,421,18500000,9100000,17500000,4100000,49200000,Personal Loan,6.83,31661,2,0.81, Rejected
L60,58,Female,Single,Kolkata,4, Not Graduate, Yes,5500000,18200000,16,797,-100000,4900000,18600000,4800000,28200000,Education Loan,11.01,59954,3,0.55, Approved
L61,46,Female,Married,Mumbai,2, Not Graduate, No,8500000,18900000,18,478,23800000,16300000,25900000,11400000,77400000,Personal Loan,9.99,72790,2,0.81, Rejected
L62,32,Male,Single,Chennai,3, Not Graduate, Yes,9600000,30500000,18,669,4700000,1900000,26500000,9300000,42400000,Business Loan,9.36,25873,3,0.41, Approved
L63,49,Male,Married,Dubai,5, Not Graduate, Yes,8800000,28900000,6,365,24400000,8600000,27400000,4700000,65100000,Home Loan,11.99,114920,3,0.71, Rejected
L64,64,Female,Single,London,3, Not Graduate, Yes,3300000,7500000,20,586,1600000,5600000,10500000,2900000,20600000,Personal Loan,11.03,24434,3,0.41, Approved
L65,33,Female,Single,Sydney,4, Graduate, Yes,3900000,12300000,18,784,7600000,6900000,13100000,2800000,30400000,Education Loan,9.82,77693,1,0.18, Approved
L66,49,Male,Married,Delhi,1, Graduate, No,4100000,10300000,12,364,9500000,6100000,14900000,2800000,33300000,Home Loan,9.19,103894,2,0.27, Rejected
L67,56,Female,Married,New York,3, Not Graduate, No,8300000,29100000,10,715,6100000,11900000,24100000,11900000,54000000,Business Loan,14.12,54004,1,0.74, Approved
L68,32,Male,Single,Mumbai,0, Not Graduate, Yes,2700000,10100000,20,693,200000,1700000,5900000,1400000,9200000,Home Loan,6.66,50624,1,0.2, Rejected
L69,62,Male,Single,Kolkata,4, Graduate, No,5600000,12400000,4,777,5500000,3100000,11800000,5500000,25900000,Home Loan,9.23,69314,3,0.34, Approved
L70,35,Male,Single,Bengaluru,0, Graduate, No,1900000,5000000,12,312,4000000,2800000,4900000,2400000,14100000,Personal Loan,12.64,101301,3,0.57, Rejected
L71,57,Female,Married,Chennai,4, Not Graduate, Yes,500000,1500000,20,340,100000,200000,1900000,600000,2800000,Car Loan,9.94,76678,3,0.28, Rejected
L72,39,Female,Married,Kolkata,5, Graduate, Yes,5300000,18600000,4,386,2700000,9700000,11900000,4200000,28500000,Business Loan,14.2,126433,2,0.1, Approved
L73,44,Male,Single,Chennai,5, Not Graduate, No,7000000,18300000,4,418,18400000,11700000,21500000,7600000,59200000,Business Loan,7.9,87198,3,0.19, Rejected
L74,56,Male,Single,Bengaluru,3, Not Graduate, Yes,5800000,16700000,16,735,3900000,9400000,12600000,5600000,31500000,Education Loan,10.92,17778,4,0.74, Approved
L75,40,Female,Married,Delhi,2, Not Graduate, No,2600000,8400000,6,494,6500000,3800000,5600000,2000000,17900000,Business Loan,11.39,147881,4,0.83, Rejected
L76,30,Male,Married,Dubai,2, Not Graduate, No,1900000,6500000,18,671,600000,2500000,4800000,1100000,9000000,Education Loan,9.28,21260,2,0.8, Approved
L77,55,Female,Married,New York,4, Graduate, No,5700000,14800000,16,697,14300000,7800000,12900000,6300000,41300000,Education Loan,10.18,87127,3,0.28, Approved
L78,49,Male,Married,London,0, Graduate, No,9000000,33500000,8,801,11600000,8900000,35400000,11100000,67000000,Business Loan,6.33,136170,4,0.87, Approved
L79,33,Female,Married,New York,2, Not Graduate, No,8500000,29400000,12,576,17600000,5600000,25200000,9000000,57400000,Home Loan,14.26,55483,4,0.77, Approved
L80,27,Female,Married,Chennai,0, Not Graduate, No,700000,1400000,14,639,1900000,700000,2400000,900000,5900000,Personal Loan,8.34,84688,3,0.42, Approved
L81,61,Male,Single,Chennai,4, Graduate, No,3500000,8900000,4,470,1300000,2200000,12300000,2000000,17800000,Car Loan,9.62,56344,1,0.84, Rejected
L82,41,Male,Single,Tokyo,0, Not Graduate, No,8800000,31200000,4,826,2900000,500000,33300000,8600000,45300000,Business Loan,9.09,118908,3,0.14, Approved
L83,47,Male,Single,Bengaluru,2, Not Graduate, Yes,9900000,21200000,16,363,25500000,11400000,26600000,6800000,70300000,Home Loan,11.25,138741,3,0.3, Rejected
L84,30,Male,Single,Bengaluru,3, Graduate, No,3600000,8600000,20,613,9400000,300000,10300000,3300000,23300000,Education Loan,13.52,34385,4,0.61, Approved
L85,25,Male,Single,London,3, Not Graduate, Yes,3000000,8200000,16,713,5300000,5800000,11000000,3400000,25500000,Car Loan,14.91,54239,2,0.71, Approved
L86,35,Male,Married,London,2, Graduate, No,6800000,21200000,16,439,17100000,4700000,23300000,3600000,48700000,Home Loan,6.56,147542,3,0.55, Rejected
L87,22,Male,Single,Chennai,5, Not Graduate, Yes,1100000,3800000,18,387,1300000,1200000,3800000,1600000,7900000,Business Loan,5.16,85833,3,0.28, Rejected
L88,38,Female,Single,Sydney,1, Not Graduate, Yes,8700000,28300000,8,402,20400000,13600000,27900000,10200000,72100000,Home Loan,11.96,30931,0,0.85, Rejected
L89,51,Male,Single,Chennai,4, Graduate, Yes,2000000,8000000,6,837,5100000,2600000,3900000,2900000,14500000,Personal Loan,13.41,19540,1,0.53, Approved
L90,30,Male,Single,Kolkata,2, Not Graduate, No,9800000,37600000,10,641,24100000,0,23400000,7600000,55100000,Education Loan,8.0,76328,2,0.12, Approved
L91,24,Female,Married,Tokyo,4, Graduate, No,5700000,21100000,18,489,500000,4300000,12500000,6000000,23300000,Education Loan,6.46,127174,0,0.54, Rejected
L92,43,Male,Married,Sydney,4, Graduate, No,8800000,20700000,18,540,19200000,3200000,22400000,12700000,57500000,Business Loan,12.19,26825,3,0.67, Rejected
L93,43,Male,Married,London,4, Graduate, No,3800000,8900000,4,844,9100000,3500000,13100000,4700000,30400000,Business Loan,5.56,120467,1,0.69, Approved
L94,57,Female,Married,Delhi,1, Graduate, No,1700000,6400000,10,452,900000,1100000,5600000,2100000,9700000,Education Loan,13.08,21342,0,0.54, Rejected
L95,37,Male,Married,Tokyo,2, Graduate, No,1000000,2000000,10,366,1200000,400000,3200000,1300000,6100000,Education Loan,10.15,119189,1,0.26, Rejected
L96,45,Female,Single,Tokyo,5, Graduate, No,300000,1100000,2,300,100000,500000,700000,400000,1700000,Car Loan,13.96,67601,0,0.88, Approved
L97,53,Female,Married,New York,2, Graduate, Yes,6600000,15000000,18,470,1200000,4800000,18200000,7000000,31200000,Car Loan,10.61,137487,2,0.23, Rejected
L98,25,Female,Single,Sydney,2, Not Graduate, No,8700000,25000000,20,861,14700000,8500000,23200000,7300000,53700000,Home Loan,6.13,90692,4,0.3, Approved
L99,30,Female,Married,New York,4, Graduate, No,9400000,29400000,12,562,25900000,15200000,36400000,7100000,84600000,Education Loan,5.35,76288,1,0.52, Approved
L100,45,Female,Single,Tokyo,0, Graduate, No,4400000,10800000,14,463,2400000,4800000,13800000,4700000,25700000,Education Loan,12.7,68500,3,0.43, Rejected
L101,37,Male,Single,Sydney,4, Not Graduate, No,400000,900000,12,478,700000,100000,1200000,100000,2100000,Education Loan,8.36,148081,0,0.38, Rejected
L102,34,Male,Single,Kolkata,2, Not Graduate, Yes,300000,1100000,2,702,300000,200000,500000,200000,1200000,Education Loan,10.81,48768,2,0.41, Approved
L103,59,Female,Single,Bengaluru,2, Not Graduate, Yes,4300000,12900000,20,618,11400000,3600000,11400000,2400000,28800000,Business Loan,6.26,95531,1,0.51, Approved
L104,62,Female,Married,New York,4, Graduate, No,1600000,4500000,12,633,700000,1700000,4100000,1900000,8400000,Car Loan,13.54,74900,2,0.59, Approved
L105,39,Male,Single,Chennai,5, Not Graduate, Yes,6200000,23600000,10,331,18500000,10300000,23800000,8700000,61300000,Education Loan,13.43,101828,0,0.73, Rejected
L106,47,Male,Single,Mumbai,3, Not Graduate, Yes,4200000,9700000,16,841,7800000,300000,16700000,5100000,29900000,Car Loan,5.49,56995,0,0.54, Approved
L107,38,Male,Single,Delhi,4, Not Graduate, Yes,9000000,18100000,12,764,600000,16500000,20800000,11600000,49500000,Education Loan,8.76,93195,0,0.63, Approved
L108,46,Male,Married,London,0, Graduate, No,2700000,10600000,6,591,1300000,2700000,9900000,1800000,15700000,Car Loan,10.84,56683,4,0.31, Approved
L109,55,Female,Single,Mumbai,1, Graduate, Yes,9700000,35900000,2,719,19600000,7600000,20400000,10900000,58500000,Business Loan,14.99,74217,0,0.61, Approved
L110,33,Male,Single,London,2, Graduate, No,3300000,6800000,14,317,3400000,300000,11700000,3600000,19000000,Business Loan,10.89,72881,4,0.71, Rejected
L111,30,Female,Single,Sydney,0, Not Graduate, No,300000,1100000,8,778,800000,200000,900000,100000,2000000,Car Loan,14.28,92543,3,0.3, Approved
L112,40,Male,Single,Bengaluru,3, Graduate, Yes,7400000,18200000,14,302,5600000,3100000,17900000,5000000,31600000,Car Loan,11.73,111363,0,0.5, Rejected
L113,41,Female,Married,Bengaluru,5, Not Graduate, No,7100000,19700000,8,502,7300000,5600000,25300000,9800000,48000000,Car Loan,7.37,53371,2,0.5, Rejected
L114,33,Female,Single,Chennai,5, Not Graduate, Yes,7300000,22100000,18,879,19500000,10600000,19300000,9800000,59200000,Car Loan,14.59,139236,3,0.25, Approved
L115,48,Male,Married,Bengaluru,1, Not Graduate, No,8400000,23400000,14,437,15400000,5800000,33400000,8100000,62700000,Personal Loan,9.66,145790,0,0.89, Rejected
L116,61,Male,Single,London,0, Not Graduate, Yes,3300000,10800000,12,797,600000,6000000,7700000,3300000,17600000,Home Loan,12.58,100270,4,0.41, Approved
L117,39,Female,Married,Bengaluru,4, Not Graduate, Yes,5800000,23200000,18,456,16100000,4200000,22600000,7500000,50400000,Business Loan,5.54,140421,0,0.12, Rejected
L118,52,Female,Married,Bengaluru,0, Not Graduate, No,600000,1600000,6,647,1500000,600000,1500000,700000,4300000,Business Loan,9.84,117358,0,0.34, Approved
L119,59,Female,Married,Mumbai,0, Not Graduate, No,7200000,15800000,12,379,12700000,12200000,21500000,3600000,50000000,Personal Loan,13.06,32924,2,0.56, Rejected
L120,61,Male,Married,Chennai,1, Not Graduate, Yes,9100000,32900000,2,717,2200000,2000000,23600000,5900000,33700000,Education Loan,13.41,108488,2,0.75, Approved
L121,38,Female,Married,Kolkata,5, Graduate, No,900000,2300000,16,545,100000,200000,2700000,800000,3800000,Personal Loan,14.35,40160,4,0.14, Rejected
L122,42,Female,Single,Mumbai,2, Graduate, No,800000,3200000,8,317,300000,1000000,2000000,900000,4200000,Business Loan,14.98,47283,4,0.31, Rejected
L123,54,Female,Married,Bengaluru,1, Not Graduate, No,8500000,32900000,10,570,5100000,6200000,20500000,5500000,37300000,Education Loan,14.02,102797,3,0.3, Approved
L124,30,Female,Married,Mumbai,0, Not Graduate, Yes,9000000,18700000,18,865,26800000,0,20900000,11300000,59000000,Home Loan,7.39,86090,0,0.8, Approved
L125,60,Male,Married,Kolkata,3, Graduate, No,7000000,19500000,14,719,12200000,10300000,18200000,10200000,50900000,Car Loan,13.37,44719,4,0.57, Approved
L126,49,Female,Married,Bengaluru,3, Graduate, No,200000,600000,16,821,400000,100000,500000,100000,1100000,Home Loan,13.38,130410,0,0.36, Approved
L127,31,Female,Single,London,4, Not Graduate, Yes,400000,800000,10,859,900000,500000,800000,200000,2400000,Car Loan,12.61,106491,0,0.82, Approved
L128,38,Female,Single,Chennai,3, Not Graduate, No,5100000,18200000,10,395,100000,8000000,15500000,6300000,29900000,Home Loan,7.74,135885,2,0.44, Rejected
L129,51,Female,Married,Dubai,2, Not Graduate, Yes,700000,2600000,12,429,1600000,1300000,2700000,800000,6400000,Personal Loan,8.67,34441,2,0.59, Rejected
L130,41,Female,Married,Kolkata,3, Graduate, No,400000,1200000,12,861,200000,600000,1100000,200000,2100000,Car Loan,9.3,140362,1,0.16, Approved
L131,45,Male,Married,Mumbai,0, Not Graduate, Yes,9500000,20800000,14,565,15100000,11900000,33900000,13400000,74300000,Personal Loan,9.44,60419,4,0.21, Approved
L132,33,Female,Single,Sydney,5, Graduate, No,8800000,22600000,10,357,7900000,8600000,18200000,4900000,39600000,Home Loan,11.46,30050,0,0.72, Rejected
L133,52,Male,Single,London,3, Not Graduate, Yes,1800000,3600000,18,465,600000,500000,5400000,2600000,9100000,Business Loan,7.95,72716,4,0.4, Rejected
L134,26,Female,Single,Bengaluru,4, Not Graduate, Yes,6800000,13900000,8,479,11700000,9100000,25700000,9600000,56100000,Business Loan,12.43,136004,4,0.21, Rejected
L135,44,Female,Single,Sydney,3, Not Graduate, No,1500000,5500000,16,717,2100000,800000,4400000,1300000,8600000,Business Loan,13.98,42042,3,0.47, Approved
L136,48,Female,Married,Mumbai,3, Graduate, No,1600000,5500000,12,425,600000,800000,5400000,900000,7700000,Business Loan,13.23,138814,4,0.74, Rejected
L137,24,Male,Single,New York,2, Not Graduate, No,4600000,16700000,2,786,200000,5900000,13900000,6100000,26100000,Business Loan,9.8,149534,1,0.24, Approved
L138,58,Male,Married,Kolkata,5, Not Graduate, Yes,2200000,6700000,6,382,4400000,1300000,8600000,1100000,15400000,Personal Loan,5.54,31565,3,0.84, Rejected
L139,43,Male,Single,Bengaluru,3, Not Graduate, Yes,2900000,8500000,12,564,1000000,3100000,7500000,1800000,13400000,Home Loan,5.88,108363,0,0.55, Approved
L140,33,Male,Single,Delhi,0, Graduate, No,200000,700000,8,501,500000,200000,700000,100000,1500000,Personal Loan,9.8,21506,0,0.11, Rejected
L141,50,Female,Single,Chennai,2, Not Graduate, Yes,2500000,9400000,10,727,6600000,4100000,9500000,3300000,23500000,Education Loan,11.52,144635,3,0.27, Approved
L142,46,Male,Single,Bengaluru,4, Not Graduate, No,3600000,7500000,6,894,1100000,6500000,7400000,2800000,17800000,Personal Loan,7.28,73765,3,0.21, Approved
L143,55,Male,Married,Tokyo,0, Graduate, Yes,5500000,16700000,18,829,5500000,1300000,12800000,5900000,25500000,Personal Loan,6.95,103596,3,0.27, Approved
L144,32,Female,Married,Kolkata,4, Not Graduate, No,6600000,17400000,20,506,2600000,10000000,25900000,7200000,45700000,Personal Loan,9.18,118414,4,0.24, Rejected
L145,36,Female,Single,Tokyo,2, Graduate, Yes,8600000,32100000,6,802,9400000,16700000,24500000,9800000,60400000,Education Loan,10.59,105569,1,0.72, Approved
L146,26,Male,Single,Chennai,5, Not Graduate, No,600000,1500000,14,543,300000,900000,2100000,300000,3600000,Personal Loan,14.23,80013,0,0.53, Rejected
L147,44,Male,Married,Tokyo,3, Graduate, Yes,1400000,3200000,20,772,2400000,900000,5100000,1600000,10000000,Education Loan,10.63,27320,1,0.57, Approved
L148,60,Female,Single,Sydney,3, Graduate, No,4000000,11100000,12,572,9700000,100000,12500000,2400000,24700000,Home Loan,12.12,17725,2,0.47, Approved
L149,35,Male,Married,Tokyo,0, Not Graduate, Yes,4900000,11900000,16,709,14600000,900000,18500000,3800000,37800000,Business Loan,11.53,83236,3,0.53, Approved
L150,29,Female,Single,Tokyo,5, Graduate, No,2000000,6200000,18,402,4000000,2100000,7200000,1100000,14400000,Personal Loan,9.21,71727,3,0.27, Rejected
L151,39,Female,Married,Chennai,1, Not Graduate, Yes,5200000,19300000,8,481,14300000,9500000,18800000,4200000,46800000,Personal Loan,14.04,61342,2,0.19, Rejected
L152,61,Female,Married,Dubai,5, Graduate, Yes,8900000,28800000,6,772,13600000,5500000,20400000,8400000,47900000,Home Loan,10.2,20892,4,0.29, Approved
L153,34,Female,Married,New York,1, Graduate, Yes,6500000,20600000,2,306,15900000,1900000,18100000,3200000,39100000,Car Loan,14.95,39597,0,0.5, Approved
L154,25,Female,Married,London,2, Not Graduate, No,1300000,4500000,6,415,0,900000,2900000,1200000,5000000,Education Loan,11.94,132053,4,0.82, Rejected
L155,59,Female,Single,Chennai,3, Not Graduate, No,9400000,35000000,16,548,18200000,4400000,36100000,4800000,63500000,Business Loan,10.26,61342,3,0.47, Rejected
L156,61,Male,Married,Bengaluru,5, Not Graduate, No,5000000,11200000,8,701,9100000,500000,14000000,4600000,28200000,Home Loan,8.59,104914,4,0.89, Approved
L157,54,Female,Single,Chennai,2, Graduate, No,3000000,7700000,12,890,4700000,4300000,8400000,2100000,19500000,Personal Loan,7.83,37417,0,0.4, Approved
L158,46,Female,Married,Kolkata,5, Not Graduate, Yes,9900000,33300000,6,364,5300000,18700000,27800000,8300000,60100000,Car Loan,8.41,68062,3,0.79, Rejected
L159,49,Female,Married,Sydney,5, Graduate, Yes,700000,1300000,20,704,1600000,0,2200000,600000,4400000,Personal Loan,5.57,60565,0,0.65, Approved
L160,57,Male,Married,Chennai,3, Graduate, Yes,4000000,10600000,10,318,1500000,5100000,8000000,4900000,19500000,Personal Loan,12.68,121898,0,0.85, Rejected
L161,64,Female,Married,Tokyo,5, Not Graduate, No,3100000,9600000,2,761,5800000,1800000,10400000,4200000,22200000,Business Loan,9.75,75575,3,0.52, Approved
L162,60,Female,Married,Tokyo,4, Not Graduate, No,4500000,15100000,6,693,3700000,1500000,17800000,6000000,29000000,Business Loan,5.1,116512,3,0.34, Approved
L163,60,Female,Married,Kolkata,3, Not Graduate, No,9700000,20600000,16,524,24200000,11100000,27400000,6100000,68800000,Personal Loan,8.52,62950,3,0.47, Rejected
L164,25,Male,Single,Mumbai,2, Not Graduate, Yes,2000000,5300000,10,681,4900000,1400000,4300000,2900000,13500000,Personal Loan,11.12,86895,4,0.36, Approved
L165,59,Male,Married,Sydney,2, Graduate, Yes,8100000,22300000,18,737,22300000,12600000,27000000,7300000,69200000,Car Loan,5.32,41135,3,0.82, Approved
L166,61,Male,Single,Sydney,0, Not Graduate, No,5700000,15900000,16,638,100000,9500000,16300000,4500000,30400000,Business Loan,6.32,102378,4,0.25, Approved
L167,24,Male,Married,Delhi,4, Not Graduate, No,5800000,12800000,2,656,500000,5000000,16000000,2800000,24300000,Personal Loan,12.39,130303,1,0.85, Approved
L168,46,Female,Married,Dubai,1, Graduate, No,1800000,6500000,6,540,2500000,3200000,5000000,1100000,11800000,Car Loan,5.98,20373,4,0.26, Rejected
L169,34,Female,Married,New York,4, Not Graduate, Yes,9100000,35200000,6,341,1000000,300000,23100000,8200000,32600000,Education Loan,5.7,124375,4,0.24, Rejected
L170,40,Male,Single,London,0, Not Graduate, Yes,4800000,17500000,2,371,11700000,6800000,18700000,3500000,40700000,Personal Loan,14.21,116625,1,0.76, Approved
L171,34,Male,Married,Delhi,3, Not Graduate, Yes,3800000,10500000,12,886,4000000,500000,14900000,2300000,21700000,Business Loan,14.46,37088,4,0.27, Approved
L172,25,Male,Married,London,0, Not Graduate, No,1900000,4100000,18,801,400000,800000,4800000,1200000,7200000,Personal Loan,7.73,26137,1,0.17, Approved
L173,51,Female,Married,Dubai,3, Not Graduate, Yes,3600000,9500000,16,748,7700000,2400000,9700000,2600000,22400000,Education Loan,9.86,59880,1,0.61, Approved
L174,26,Female,Married,New York,2, Not Graduate, Yes,7400000,28200000,8,376,21900000,5000000,17400000,5200000,49500000,Home Loan,13.75,70784,1,0.45, Rejected
L175,25,Female,Married,Mumbai,4, Not Graduate, Yes,6600000,14300000,8,371,10800000,9500000,18500000,7400000,46200000,Car Loan,12.45,18746,4,0.44, Rejected
L176,26,Male,Married,Sydney,2, Graduate, No,1800000,5300000,6,826,4500000,700000,6500000,1300000,13000000,Car Loan,14.22,76106,2,0.54, Approved
L177,55,Female,Married,Bengaluru,4, Not Graduate, No,9200000,27200000,12,873,4500000,1800000,33800000,11400000,51500000,Personal Loan,6.8,115381,3,0.74, Approved
L178,63,Female,Married,Kolkata,5, Not Graduate, Yes,2400000,8600000,8,309,500000,600000,5700000,2800000,9600000,Personal Loan,6.56,80578,1,0.33, Rejected
L179,40,Female,Married,New York,4, Not Graduate, No,5600000,13300000,20,869,3300000,7500000,20000000,6500000,37300000,Car Loan,6.24,76433,0,0.41, Approved
L180,41,Male,Married,Chennai,5, Graduate, No,3800000,13900000,12,534,4700000,2900000,8200000,2800000,18600000,Car Loan,9.88,70316,4,0.76, Rejected
L181,32,Male,Married,Delhi,3, Not Graduate, Yes,4500000,17900000,6,787,9800000,3600000,14300000,4200000,31900000,Car Loan,9.84,115785,3,0.69, Approved
L182,51,Male,Married,New York,0, Graduate, Yes,900000,2200000,16,566,100000,700000,2000000,600000,3400000,Personal Loan,9.53,103784,2,0.77, Approved
L183,41,Female,Married,Mumbai,0, Not Graduate, No,2800000,9900000,8,742,4900000,1300000,6700000,1700000,14600000,Education Loan,11.93,39836,2,0.44, Approved
L184,28,Female,Single,London,2, Not Graduate, No,7500000,23100000,4,824,12100000,10900000,26300000,9500000,58800000,Education Loan,9.67,93895,2,0.56, Approved
L185,26,Male,Married,New York,4, Graduate, No,1400000,3100000,14,575,3000000,2100000,4900000,1400000,11400000,Education Loan,6.16,65246,0,0.81, Approved
L186,27,Male,Single,Sydney,2, Graduate, Yes,3800000,10900000,10,766,1900000,3900000,8600000,3000000,17400000,Business Loan,10.76,81808,4,0.55, Approved
L187,40,Female,Married,Chennai,1, Not Graduate, Yes,1700000,5000000,10,888,2900000,900000,4100000,2200000,10100000,Education Loan,8.7,17678,3,0.33, Approved
L188,43,Female,Married,New York,3, Graduate, Yes,9000000,30400000,6,638,16800000,11000000,26900000,9200000,63900000,Personal Loan,6.83,106027,4,0.6, Approved
L189,52,Female,Single,Dubai,5, Not Graduate, Yes,7300000,23300000,6,622,7100000,11600000,26400000,10500000,55600000,Business Loan,9.31,95509,2,0.1, Approved
L190,63,Male,Married,New York,1, Not Graduate, No,7400000,19800000,18,458,12600000,6200000,27700000,4000000,50500000,Business Loan,14.13,64138,1,0.84, Rejected
L191,31,Male,Single,Dubai,1, Not Graduate, No,9000000,28200000,16,327,1700000,2300000,24000000,11200000,39200000,Personal Loan,7.58,18091,0,0.31, Rejected
L192,56,Female,Single,Dubai,0, Not Graduate, No,3000000,6500000,2,612,8800000,3400000,6700000,1700000,20600000,Personal Loan,7.67,82246,3,0.33, Approved
L193,53,Female,Married,Tokyo,1, Graduate, No,800000,2900000,8,682,2200000,1100000,2900000,700000,6900000,Education Loan,8.85,142196,2,0.66, Approved
L194,41,Female,Married,London,2, Graduate, No,4800000,13200000,2,583,13700000,5800000,9500000,5200000,34200000,Home Loan,6.58,25466,4,0.7, Approved
L195,61,Male,Married,New York,5, Not Graduate, No,6400000,18300000,8,697,10000000,3600000,22500000,3600000,39700000,Business Loan,6.12,127911,0,0.65, Approved
L196,24,Female,Married,Kolkata,3, Graduate, No,9200000,27100000,12,306,5800000,11500000,28000000,9600000,54900000,Car Loan,5.06,88579,0,0.24, Rejected
L197,57,Female,Married,New York,4, Not Graduate, Yes,400000,1500000,2,669,-100000,600000,900000,500000,1900000,Personal Loan,7.19,147450,2,0.37, Approved
L198,29,Male,Single,Kolkata,2, Not Graduate, No,2800000,6000000,18,816,6300000,4200000,8000000,3400000,21900000,Business Loan,14.73,139340,3,0.66, Approved
L199,27,Male,Married,Delhi,4, Not Graduate, Yes,8500000,28900000,20,455,15200000,5800000,22500000,9400000,52900000,Business Loan,11.79,133704,0,0.72, Rejected
L200,36,Male,Single,Bengaluru,3, Graduate, Yes,4700000,16400000,10,318,11400000,8100000,16200000,4300000,40000000,Business Loan,12.9,108981,3,0.24, Rejected
L201,60,Male,Single,Sydney,4, Not Graduate, Yes,9800000,21200000,20,355,22000000,8900000,31800000,14400000,77100000,Education Loan,11.51,133775,4,0.47, Rejected
L202,51,Male,Married,Bengaluru,2, Not Graduate, Yes,3800000,8900000,16,389,200000,5600000,12200000,2200000,20200000,Business Loan,5.18,42294,1,0.18, Rejected
L203,47,Male,Single,London,2, Graduate, No,500000,1500000,2,888,1500000,300000,1500000,600000,3900000,Education Loan,14.75,58455,4,0.26, Approved
L204,62,Male,Married,Mumbai,2, Graduate, Yes,6900000,15600000,6,352,13000000,5300000,22600000,10000000,50900000,Business Loan,10.79,56888,4,0.38, Rejected
L205,47,Male,Married,New York,4, Not Graduate, Yes,9600000,30100000,12,870,300000,6700000,38200000,5600000,50800000,Personal Loan,14.41,91003,0,0.83, Approved
L206,64,Male,Single,Tokyo,3, Not Graduate, No,2900000,6500000,18,827,8300000,600000,10400000,3200000,22500000,Business Loan,12.65,108463,2,0.12, Approved
L207,55,Male,Single,Delhi,2, Graduate, No,9800000,20900000,12,768,3400000,10200000,38600000,13400000,65600000,Home Loan,7.89,68097,3,0.64, Approved
L208,22,Male,Single,Dubai,0, Graduate, No,7100000,15400000,18,707,10300000,10800000,19600000,5800000,46500000,Personal Loan,8.27,21873,0,0.65, Approved
L209,51,Female,Single,New York,1, Not Graduate, Yes,7700000,19100000,10,355,11300000,4900000,21900000,6600000,44700000,Home Loan,10.83,23525,4,0.12, Rejected
L210,23,Female,Married,Mumbai,3, Graduate, No,1400000,3300000,2,652,100000,2100000,3500000,1900000,7600000,Business Loan,13.75,99160,2,0.23, Approved
L211,38,Female,Single,Delhi,3, Graduate, No,7800000,15900000,2,665,14400000,900000,27200000,5400000,47900000,Business Loan,9.84,26604,4,0.7, Approved
L212,58,Female,Married,Sydney,5, Not Graduate, Yes,1700000,6000000,18,420,500000,1600000,3700000,2300000,8100000,Home Loan,11.38,101478,4,0.7, Rejected
L213,26,Female,Single,Tokyo,2, Not Graduate, No,8500000,32700000,18,471,12600000,9400000,33900000,12500000,68400000,Home Loan,8.53,74008,2,0.17, Rejected
L214,25,Female,Married,Bengaluru,5, Not Graduate, No,1900000,7500000,20,715,5100000,2800000,6500000,2800000,17200000,Car Loan,10.42,120102,4,0.21, Approved
L215,42,Female,Married,London,2, Not Graduate, Yes,6700000,15200000,10,689,0,8200000,15000000,6800000,30000000,Education Loan,6.2,77073,1,0.83, Approved
L216,26,Female,Married,New York,3, Graduate, Yes,6900000,16400000,4,787,11100000,6100000,26400000,3800000,47400000,Home Loan,8.83,26562,4,0.28, Approved
L217,58,Male,Married,Kolkata,2, Graduate, No,2600000,7800000,4,819,3100000,4300000,5700000,1500000,14600000,Car Loan,8.62,125213,1,0.13, Approved
L218,59,Female,Single,Tokyo,4, Graduate, Yes,9600000,21100000,6,809,16100000,9500000,34700000,8700000,69000000,Business Loan,7.04,95501,3,0.7, Approved
L219,64,Female,Married,Tokyo,1, Not Graduate, Yes,6800000,17000000,2,744,15500000,3900000,23700000,3500000,46600000,Business Loan,5.95,118778,3,0.84, Approved
L220,28,Female,Married,Bengaluru,0, Not Graduate, No,3200000,11300000,6,484,3500000,5500000,8500000,2100000,19600000,Business Loan,13.6,132077,4,0.84, Rejected
L221,34,Male,Married,Chennai,4, Not Graduate, No,2900000,10400000,6,673,5100000,1700000,10600000,1700000,19100000,Car Loan,6.61,32658,2,0.46, Approved
L222,60,Female,Married,New York,3, Graduate, Yes,7900000,21200000,18,695,13800000,10600000,21800000,4900000,51100000,Personal Loan,12.89,124067,1,0.59, Approved
L223,24,Female,Single,Dubai,4, Not Graduate, Yes,3900000,12400000,12,473,6400000,4700000,13100000,3800000,28000000,Personal Loan,11.56,48957,4,0.11, Rejected
L224,29,Female,Married,Dubai,4, Graduate, Yes,4600000,11000000,2,491,9000000,4000000,16100000,3500000,32600000,Home Loan,8.82,136330,1,0.82, Rejected
L225,45,Female,Single,Sydney,3, Not Graduate, Yes,700000,1700000,8,733,1200000,800000,2400000,500000,4900000,Car Loan,12.14,98604,1,0.41, Approved
L226,57,Male,Married,Sydney,0, Not Graduate, No,5200000,15600000,20,434,14100000,5800000,18100000,5500000,43500000,Business Loan,5.26,104131,1,0.42, Rejected
L227,50,Male,Married,Tokyo,3, Not Graduate, Yes,5900000,20600000,10,777,1900000,4600000,21200000,6400000,34100000,Personal Loan,7.09,71951,4,0.21, Approved
L228,34,Female,Married,New York,4, Graduate, No,7200000,19100000,4,774,9400000,7000000,17900000,3600000,37900000,Education Loan,6.68,93241,2,0.42, Approved
L229,55,Male,Married,Bengaluru,1, Not Graduate, Yes,8700000,27000000,10,717,25500000,8600000,17500000,9100000,60700000,Home Loan,11.09,143003,3,0.77, Approved
L230,22,Male,Married,Chennai,3, Not Graduate, Yes,1100000,3500000,12,503,3000000,400000,2200000,1200000,6800000,Home Loan,13.5,30469,3,0.54, Rejected
L231,44,Female,Single,New York,1, Graduate, Yes,4000000,10900000,14,598,3600000,6600000,13600000,4400000,28200000,Personal Loan,11.74,23776,2,0.35, Approved
L232,26,Female,Married,Sydney,2, Graduate, No,9800000,32400000,2,543,24200000,17500000,25700000,7700000,75100000,Home Loan,12.56,107085,4,0.33, Approved
L233,44,Male,Married,Dubai,0, Not Graduate, Yes,2700000,6800000,20,796,700000,4200000,7000000,1900000,13800000,Personal Loan,11.4,76526,1,0.64, Approved
L234,43,Female,Married,Chennai,3, Not Graduate, Yes,8800000,34600000,8,386,14800000,16500000,18400000,6000000,55700000,Car Loan,11.82,143090,3,0.31, Rejected
L235,52,Male,Married,Kolkata,5, Not Graduate, Yes,3300000,7800000,16,632,8500000,500000,7100000,4900000,21000000,Home Loan,11.05,107533,0,0.21, Approved
L236,37,Female,Single,Tokyo,1, Graduate, Yes,6900000,23400000,4,481,18700000,1100000,23400000,10200000,53400000,Business Loan,9.44,134196,4,0.37, Approved
L237,22,Female,Married,Sydney,3, Graduate, Yes,900000,3500000,4,770,700000,0,2000000,600000,3300000,Home Loan,12.49,20306,2,0.29, Rejected
L238,30,Male,Single,London,3, Graduate, Yes,4100000,15500000,6,667,2800000,1600000,14700000,4000000,23100000,Education Loan,5.54,97739,4,0.21, Approved
L239,32,Female,Married,Kolkata,3, Not Graduate, Yes,4700000,17500000,8,585,1200000,3100000,9600000,4900000,18800000,Personal Loan,13.15,72783,3,0.52, Approved
L240,22,Male,Married,Chennai,5, Graduate, Yes,3400000,11600000,16,479,9200000,5700000,11200000,2400000,28500000,Personal Loan,12.61,34037,0,0.12, Rejected
L241,39,Female,Single,New York,2, Graduate, No,9600000,22500000,18,851,7400000,16200000,24300000,12700000,60600000,Business Loan,7.1,32465,4,0.89, Approved
L242,50,Female,Married,Chennai,3, Not Graduate, Yes,7000000,16200000,6,378,20000000,12600000,20300000,5500000,58400000,Business Loan,11.05,75910,0,0.19, Rejected
L243,57,Male,Single,London,5, Graduate, No,5700000,12900000,18,807,4100000,900000,18600000,5500000,29100000,Personal Loan,10.54,135134,0,0.24, Approved
L244,42,Female,Single,Mumbai,1, Not Graduate, Yes,8200000,32400000,18,831,22800000,12300000,17700000,7800000,60600000,Personal Loan,12.76,52492,1,0.61, Approved
L245,46,Male,Married,London,2, Not Graduate, No,2100000,5100000,12,674,2200000,3200000,6400000,2400000,14200000,Car Loan,9.05,33068,2,0.73, Approved
L246,50,Male,Single,Dubai,1, Not Graduate, Yes,8000000,28100000,18,725,1900000,12800000,23000000,7500000,45200000,Car Loan,11.1,115141,2,0.79, Approved
L247,46,Female,Married,New York,2, Not Graduate, No,8000000,29300000,4,600,16500000,13200000,29400000,6500000,65600000,Home Loan,8.93,37518,4,0.81, Approved
L248,48,Male,Married,Tokyo,0, Not Graduate, Yes,9400000,27000000,10,536,4400000,1700000,33800000,4800000,44700000,Car Loan,10.51,135853,4,0.46, Rejected
L249,61,Male,Single,Bengaluru,0, Graduate, No,8400000,20600000,10,477,1500000,1500000,25000000,11900000,39900000,Car Loan,6.74,57172,2,0.83, Rejected
L250,47,Female,Single,Bengaluru,1, Not Graduate, Yes,1900000,5000000,6,560,1000000,1900000,6300000,1400000,10600000,Education Loan,7.34,113264,3,0.49, Approved
L251,37,Female,Single,London,0, Not Graduate, Yes,4200000,16400000,20,539,9500000,2100000,11400000,3100000,26100000,Personal Loan,11.98,71529,0,0.29, Rejected
L252,55,Female,Single,Chennai,5, Graduate, No,2600000,9100000,8,852,3700000,700000,10300000,3300000,18000000,Personal Loan,10.59,96221,3,0.83, Approved
L253,49,Male,Single,Bengaluru,3, Not Graduate, No,3700000,8500000,20,853,8300000,5700000,7500000,4900000,26400000,Business Loan,5.78,46879,0,0.58, Approved
L254,55,Male,Married,Sydney,0, Graduate, No,8800000,30900000,12,729,1700000,700000,25700000,11400000,39500000,Education Loan,7.68,76751,4,0.14, Approved
L255,38,Male,Single,Kolkata,2, Not Graduate, No,2100000,4700000,2,546,6000000,3200000,5700000,1500000,16400000,Education Loan,13.33,94002,3,0.31, Rejected
L256,62,Female,Married,Sydney,3, Graduate, Yes,900000,2400000,10,489,800000,0,2800000,500000,4100000,Home Loan,5.58,27832,1,0.2, Rejected
L257,23,Male,Married,Kolkata,3, Graduate, Yes,9800000,35400000,6,869,14400000,16400000,22800000,10300000,63900000,Home Loan,12.29,21527,3,0.84, Approved
L258,61,Male,Single,Mumbai,2, Not Graduate, No,8000000,20000000,2,502,4100000,2200000,31600000,9900000,47800000,Education Loan,6.35,79900,2,0.54, Rejected
L259,29,Male,Single,Dubai,0, Graduate, No,9800000,38800000,8,652,23200000,19000000,29700000,5400000,77300000,Home Loan,8.15,133931,4,0.84, Approved
L260,50,Male,Married,Bengaluru,0, Not Graduate, Yes,300000,1100000,8,789,400000,100000,800000,400000,1700000,Car Loan,11.34,95800,4,0.89, Approved
L261,58,Male,Single,Delhi,4, Not Graduate, No,2700000,8100000,4,325,5000000,800000,9900000,3400000,19100000,Business Loan,9.54,39966,2,0.36, Approved
L262,38,Female,Single,Delhi,3, Graduate, Yes,7400000,19600000,2,716,4100000,8900000,29100000,4200000,46300000,Home Loan,6.08,23489,0,0.44, Approved
L263,58,Female,Single,New York,3, Graduate, No,9200000,34300000,18,523,25600000,4000000,29100000,8800000,67500000,Business Loan,11.87,60220,3,0.48, Rejected
L264,62,Male,Single,Kolkata,5, Not Graduate, No,9500000,22200000,20,352,24500000,0,30800000,7000000,62300000,Home Loan,13.35,52706,0,0.14, Rejected
L265,34,Male,Single,London,5, Graduate, Yes,3800000,14400000,2,345,3300000,800000,13000000,4700000,21800000,Car Loan,13.18,94154,3,0.28, Approved
L266,48,Female,Single,Dubai,0, Graduate, No,8300000,19400000,18,649,2500000,16100000,24300000,11300000,54200000,Home Loan,12.45,106062,2,0.21, Approved
L267,43,Male,Single,Delhi,2, Graduate, Yes,2800000,7400000,18,666,100000,2300000,6300000,3400000,12100000,Business Loan,10.85,82893,4,0.84, Approved
L268,28,Male,Married,Tokyo,0, Graduate, No,8600000,20900000,10,813,11300000,11900000,26000000,4800000,54000000,Car Loan,7.66,83182,2,0.82, Approved
L269,53,Female,Married,Bengaluru,0, Not Graduate, No,5400000,16800000,10,599,5300000,7400000,14500000,7600000,34800000,Home Loan,8.41,29334,4,0.64, Approved
L270,26,Female,Married,London,5, Graduate, Yes,4200000,9400000,6,678,4700000,5500000,9900000,5700000,25800000,Car Loan,7.01,47788,3,0.83, Approved
L271,37,Male,Married,Delhi,5, Not Graduate, No,5200000,12200000,20,513,13400000,2000000,16800000,5400000,37600000,Business Loan,5.11,65327,3,0.87, Rejected
L272,22,Male,Married,London,5, Graduate, No,9400000,27900000,4,870,1100000,200000,29500000,10400000,41200000,Car Loan,11.01,99308,0,0.83, Approved
L273,54,Male,Single,Tokyo,3, Graduate, No,8800000,20400000,8,483,3200000,11400000,28200000,11800000,54600000,Education Loan,8.67,75459,0,0.5, Rejected
L274,30,Male,Married,Mumbai,1, Graduate, Yes,5900000,16700000,16,308,5800000,8800000,19100000,5300000,39000000,Personal Loan,13.14,116194,2,0.42, Rejected
L275,58,Female,Married,Tokyo,3, Graduate, Yes,1700000,4900000,16,591,4700000,1000000,4300000,1400000,11400000,Education Loan,9.6,119805,4,0.54, Approved
L276,49,Female,Married,Sydney,1, Not Graduate, No,7000000,23000000,10,886,14000000,3700000,26700000,3600000,48000000,Car Loan,6.17,130052,1,0.82, Approved
L277,56,Female,Married,Chennai,4, Not Graduate, No,1700000,4000000,6,829,0,1600000,5200000,1700000,8500000,Personal Loan,6.03,66941,4,0.36, Approved
L278,34,Male,Married,Bengaluru,0, Not Graduate, No,1500000,4900000,12,651,1600000,2800000,4600000,800000,9800000,Education Loan,11.63,115557,2,0.15, Approved
L279,31,Male,Married,Tokyo,4, Not Graduate, No,2000000,4700000,18,733,3700000,3700000,7000000,2800000,17200000,Education Loan,7.61,62775,4,0.28, Approved
L280,36,Male,Married,Mumbai,5, Graduate, Yes,3900000,15500000,12,433,9500000,5400000,7900000,4600000,27400000,Car Loan,6.99,44444,2,0.61, Rejected
L281,64,Female,Single,Mumbai,1, Graduate, Yes,900000,3600000,14,713,1300000,1000000,1800000,1200000,5300000,Home Loan,6.56,23204,2,0.16, Approved
L282,45,Male,Single,Tokyo,1, Graduate, No,6900000,22500000,18,403,800000,8400000,16900000,6300000,32400000,Home Loan,14.89,19708,4,0.5, Rejected
L283,57,Female,Single,New York,0, Graduate, Yes,2800000,7800000,10,405,7800000,2500000,7100000,3400000,20800000,Personal Loan,6.69,30544,2,0.48, Rejected
L284,48,Male,Single,Tokyo,3, Graduate, Yes,6800000,19900000,10,516,16000000,6000000,26000000,8500000,56500000,Car Loan,10.98,128711,1,0.34, Rejected
L285,37,Male,Married,Kolkata,4, Not Graduate, Yes,600000,1800000,8,417,1700000,700000,1800000,800000,5000000,Home Loan,7.31,102678,4,0.82, Rejected
L286,27,Male,Married,Tokyo,1, Not Graduate, No,4700000,14000000,6,468,11300000,1800000,10600000,4600000,28300000,Education Loan,13.21,110288,2,0.11, Rejected
L287,22,Male,Married,New York,5, Graduate, Yes,3000000,11800000,10,672,8700000,3600000,9800000,4100000,26200000,Business Loan,7.33,51120,2,0.74, Approved
L288,25,Male,Married,London,5, Not Graduate, No,4000000,13900000,6,530,6000000,5600000,12500000,6000000,30100000,Home Loan,10.28,126046,0,0.35, Rejected
L289,38,Male,Single,Mumbai,1, Not Graduate, Yes,3100000,11300000,14,824,3700000,6000000,11000000,4400000,25100000,Car Loan,7.67,29218,2,0.78, Approved
L290,27,Male,Single,Mumbai,1, Not Graduate, Yes,7700000,25500000,12,549,18100000,10600000,20500000,7000000,56200000,Personal Loan,9.7,54996,0,0.27, Rejected
L291,54,Male,Single,New York,5, Not Graduate, Yes,4300000,9300000,10,450,2100000,6700000,10000000,4100000,22900000,Car Loan,12.51,24407,2,0.79, Rejected
L292,49,Female,Single,Bengaluru,1, Graduate, Yes,5800000,19500000,20,431,13800000,5000000,15600000,3300000,37700000,Education Loan,11.26,132922,3,0.41, Rejected
L293,47,Male,Single,Kolkata,3, Graduate, Yes,3600000,10700000,16,312,2300000,1600000,13100000,5200000,22200000,Personal Loan,13.67,75175,0,0.28, Rejected
L294,29,Male,Married,Delhi,0, Not Graduate, Yes,2900000,7600000,8,320,8000000,5600000,9600000,3100000,26300000,Business Loan,9.45,18735,3,0.32, Rejected
L295,47,Female,Single,Mumbai,0, Graduate, No,8800000,20200000,4,433,16000000,4200000,30500000,12400000,63100000,Business Loan,13.18,87321,0,0.42, Rejected
L296,44,Female,Single,Chennai,1, Not Graduate, Yes,300000,1000000,10,431,400000,500000,900000,100000,1900000,Car Loan,10.12,100162,4,0.78, Rejected
L297,27,Male,Single,Mumbai,5, Not Graduate, Yes,8600000,28900000,8,516,9900000,1800000,30200000,6800000,48700000,Car Loan,13.51,102672,0,0.8, Rejected
L298,31,Male,Single,Bengaluru,2, Not Graduate, Yes,3500000,12000000,14,476,1100000,6800000,12400000,2900000,23200000,Business Loan,8.46,92016,3,0.82, Rejected
L299,56,Female,Single,Kolkata,5, Graduate, No,800000,2600000,6,560,100000,200000,3000000,1000000,4300000,Business Loan,14.81,123907,4,0.6, Approved
L300,51,Female,Single,Mumbai,2, Graduate, No,8000000,27100000,12,674,14400000,400000,25300000,6400000,46500000,Car Loan,10.25,110922,1,0.6, Approved
L301,44,Female,Married,London,0, Not Graduate, Yes,9900000,38200000,6,573,17200000,10000000,20100000,5900000,53200000,Home Loan,9.44,144257,1,0.88, Approved
L302,59,Female,Single,Sydney,2, Not Graduate, No,3300000,6600000,6,331,6300000,2000000,8900000,2700000,19900000,Education Loan,12.58,27275,3,0.49, Rejected
L303,40,Female,Single,New York,4, Graduate, Yes,2000000,6700000,12,633,100000,800000,4800000,2000000,7700000,Education Loan,14.43,22181,0,0.2, Approved
L304,30,Male,Single,Sydney,3, Not Graduate, No,4900000,12900000,18,877,1800000,7000000,17900000,3300000,30000000,Car Loan,10.76,126391,4,0.65, Approved
L305,26,Female,Married,New York,5, Not Graduate, Yes,9200000,23600000,12,656,1400000,11200000,36400000,4900000,53900000,Home Loan,13.3,130361,1,0.43, Approved
L306,32,Female,Married,Dubai,0, Not Graduate, No,7500000,18200000,6,782,7400000,12000000,19800000,4100000,43300000,Car Loan,8.43,60695,1,0.68, Approved
L307,42,Male,Married,Dubai,5, Not Graduate, No,9000000,29300000,4,531,10400000,9500000,35500000,5800000,61200000,Car Loan,6.76,104894,4,0.61, Approved
L308,62,Male,Married,Dubai,3, Not Graduate, No,1400000,4100000,8,455,3000000,1400000,2900000,2100000,9400000,Home Loan,14.95,26114,0,0.26, Rejected
L309,46,Male,Single,Tokyo,3, Graduate, No,9600000,19900000,14,452,4200000,16200000,28500000,6600000,55500000,Education Loan,10.42,99947,1,0.81, Rejected
L310,53,Male,Single,Chennai,2, Graduate, No,8400000,33200000,14,474,19600000,15000000,25400000,11500000,71500000,Business Loan,11.93,122889,1,0.46, Rejected
L311,22,Male,Married,Dubai,3, Not Graduate, No,6400000,24400000,4,483,7800000,2400000,19100000,4500000,33800000,Education Loan,13.24,63360,0,0.41, Approved
L312,39,Female,Single,Tokyo,4, Graduate, No,5900000,16800000,8,481,6900000,11400000,19500000,3300000,41100000,Business Loan,9.72,135844,4,0.13, Rejected
L313,44,Female,Single,Chennai,2, Graduate, Yes,2200000,5100000,20,859,3800000,1200000,6400000,3100000,14500000,Business Loan,12.49,83241,4,0.61, Approved
L314,25,Male,Married,Mumbai,4, Graduate, Yes,5600000,14100000,14,696,9000000,9200000,16500000,6800000,41500000,Home Loan,7.59,83945,4,0.75, Approved
L315,22,Female,Single,Kolkata,4, Not Graduate, No,9800000,28700000,6,778,16600000,7400000,29700000,11100000,64800000,Business Loan,11.22,53696,1,0.63, Approved
L316,64,Female,Married,Delhi,4, Graduate, No,4400000,14600000,4,499,1300000,6500000,16100000,5700000,29600000,Personal Loan,7.28,142600,1,0.57, Approved
L317,41,Female,Single,Tokyo,2, Not Graduate, Yes,2400000,4900000,4,888,6400000,4300000,5100000,3400000,19200000,Personal Loan,9.17,118657,1,0.57, Approved
L318,33,Male,Married,Sydney,1, Graduate, No,4400000,10800000,12,674,9600000,2700000,17200000,5300000,34800000,Business Loan,10.84,58937,1,0.56, Approved
L319,36,Male,Married,Chennai,4, Graduate, No,3700000,13200000,4,802,9800000,2400000,12500000,4300000,29000000,Home Loan,7.97,101233,2,0.23, Approved
L320,61,Female,Single,Tokyo,4, Not Graduate, Yes,2300000,7800000,8,540,1500000,3400000,4700000,2800000,12400000,Education Loan,7.35,125428,4,0.75, Rejected
L321,57,Female,Married,Tokyo,4, Graduate, Yes,5900000,19600000,8,726,17400000,6800000,20100000,8000000,52300000,Personal Loan,14.99,95299,0,0.48, Approved
L322,55,Male,Married,Chennai,4, Not Graduate, Yes,6400000,23500000,2,485,7300000,2700000,23600000,3900000,37500000,Home Loan,10.23,81623,0,0.46, Approved
L323,22,Male,Married,Mumbai,4, Graduate, Yes,4900000,17100000,6,612,1300000,7000000,19500000,5000000,32800000,Education Loan,13.83,122055,1,0.86, Approved
L324,45,Male,Single,Chennai,3, Not Graduate, Yes,9500000,24200000,8,879,3100000,17200000,26400000,12700000,59400000,Business Loan,7.09,33811,0,0.66, Approved
L325,24,Male,Single,Delhi,2, Not Graduate, No,5700000,16400000,12,708,3700000,800000,15000000,4400000,23900000,Personal Loan,12.56,91558,4,0.89, Approved
L326,34,Female,Single,Tokyo,2, Not Graduate, Yes,2700000,5700000,8,850,3500000,5000000,10500000,3900000,22900000,Business Loan,7.67,110505,2,0.25, Approved
L327,63,Female,Single,Delhi,2, Not Graduate, Yes,3900000,11300000,12,516,3100000,0,10400000,4600000,18100000,Home Loan,5.34,34606,1,0.58, Rejected
L328,40,Female,Married,Tokyo,0, Not Graduate, No,7800000,28800000,12,465,4700000,7500000,28800000,7400000,48400000,Personal Loan,9.44,17896,0,0.24, Rejected
L329,62,Female,Married,Bengaluru,0, Graduate, No,1100000,3200000,20,716,1800000,1400000,3600000,1500000,8300000,Business Loan,5.86,86750,3,0.72, Approved
L330,58,Male,Married,Chennai,4, Not Graduate, No,200000,600000,10,404,0,100000,400000,0,500000,Home Loan,12.55,86328,1,0.21, Rejected
L331,44,Female,Single,London,0, Not Graduate, Yes,4700000,10600000,20,512,8400000,4000000,12300000,7000000,31700000,Home Loan,12.3,81896,3,0.73, Rejected
L332,49,Female,Single,Chennai,3, Not Graduate, Yes,8200000,20600000,10,441,16100000,11400000,29100000,6100000,62700000,Personal Loan,7.48,79769,4,0.84, Rejected
L333,51,Female,Married,Tokyo,2, Not Graduate, Yes,4600000,18400000,2,555,7700000,2400000,14200000,4200000,28500000,Education Loan,7.9,16739,3,0.29, Approved
L334,52,Male,Married,London,5, Not Graduate, No,1800000,7000000,18,466,2600000,2100000,6000000,1900000,12600000,Home Loan,12.0,78900,2,0.51, Rejected
L335,64,Female,Married,London,3, Graduate, Yes,3200000,8600000,2,427,3900000,1800000,7100000,4700000,17500000,Personal Loan,10.62,145038,2,0.3, Rejected
L336,42,Male,Single,Sydney,4, Not Graduate, Yes,5500000,20000000,14,593,15100000,2700000,19900000,4900000,42600000,Personal Loan,11.15,72701,4,0.77, Approved
L337,30,Female,Single,Kolkata,3, Graduate, No,7900000,18300000,10,731,4200000,3400000,22200000,8400000,38200000,Personal Loan,9.6,87361,4,0.53, Approved
L338,62,Male,Married,Delhi,1, Graduate, Yes,4000000,10100000,16,451,7000000,3900000,14300000,3900000,29100000,Business Loan,9.77,111014,1,0.44, Rejected
L339,59,Male,Married,Delhi,3, Not Graduate, Yes,6800000,16900000,18,628,3600000,900000,15600000,4900000,25000000,Education Loan,13.99,30823,1,0.39, Approved
L340,28,Female,Single,New York,1, Not Graduate, No,2700000,9400000,18,704,5300000,2300000,6400000,2400000,16400000,Personal Loan,11.07,49767,3,0.35, Approved
L341,30,Male,Single,London,2, Not Graduate, No,6800000,23500000,12,341,19300000,11800000,14300000,8500000,53900000,Home Loan,13.83,125940,0,0.51, Rejected
L342,51,Female,Single,Sydney,5, Graduate, No,8600000,21000000,8,465,11700000,14900000,19500000,9900000,56000000,Education Loan,6.5,36332,0,0.77, Rejected
L343,53,Female,Married,Chennai,4, Graduate, No,8000000,30100000,4,431,11900000,13800000,18800000,11500000,56000000,Business Loan,7.97,132650,1,0.24, Approved
L344,45,Female,Single,Delhi,1, Graduate, Yes,3700000,12600000,10,424,5400000,1100000,14200000,4400000,25100000,Personal Loan,7.32,113864,3,0.59, Rejected
L345,54,Male,Married,Dubai,0, Graduate, No,2600000,5100000,14,678,500000,1200000,6000000,3100000,10800000,Education Loan,10.92,83080,1,0.64, Approved
L346,44,Male,Single,Bengaluru,4, Graduate, No,4200000,16800000,6,381,9600000,3800000,14800000,5900000,34100000,Business Loan,8.46,106307,3,0.71, Rejected
L347,40,Female,Single,Chennai,5, Graduate, Yes,8000000,28000000,10,449,18500000,1500000,17400000,3900000,41300000,Car Loan,11.56,46955,1,0.5, Rejected
L348,29,Male,Single,Dubai,1, Not Graduate, No,7100000,23500000,12,768,6400000,12100000,22400000,7300000,48200000,Personal Loan,6.54,66043,3,0.8, Approved
L349,26,Female,Single,Mumbai,0, Not Graduate, No,2000000,7000000,6,666,0,1200000,4300000,1400000,6900000,Personal Loan,8.24,29963,3,0.76, Rejected
L350,50,Male,Married,Bengaluru,4, Not Graduate, Yes,5800000,13300000,14,742,16100000,9300000,16300000,7000000,48700000,Education Loan,6.48,142479,3,0.23, Approved
L351,47,Male,Single,Delhi,3, Not Graduate, Yes,6700000,15800000,4,445,10500000,7600000,14100000,9100000,41300000,Education Loan,5.6,98702,1,0.61, Rejected
L352,62,Male,Married,Sydney,2, Graduate, No,7300000,28700000,14,634,5900000,3800000,21200000,10800000,41700000,Home Loan,13.75,145799,2,0.41, Approved
L353,56,Male,Single,Delhi,4, Not Graduate, No,3300000,9700000,14,782,2500000,0,10400000,2200000,15100000,Business Loan,14.56,139238,3,0.17, Approved
L354,38,Female,Married,Dubai,0, Graduate, No,3000000,7000000,10,781,7200000,600000,11700000,2700000,22200000,Car Loan,5.17,130775,3,0.89, Approved
L355,45,Male,Married,Tokyo,4, Not Graduate, No,7900000,17200000,14,318,14200000,9500000,23200000,9000000,55900000,Education Loan,5.15,101877,4,0.89, Rejected
L356,45,Male,Single,Sydney,5, Not Graduate, No,7600000,24100000,18,721,21900000,11500000,22900000,7200000,63500000,Home Loan,6.84,130329,2,0.75, Approved
L357,51,Male,Married,Dubai,5, Not Graduate, No,3700000,9800000,4,563,9500000,5100000,11200000,3000000,28800000,Business Loan,5.92,63797,2,0.48, Approved
L358,62,Male,Married,Chennai,2, Not Graduate, No,8400000,26300000,4,419,22900000,7900000,29200000,6200000,66200000,Business Loan,13.6,29087,1,0.85, Approved
L359,64,Male,Married,Dubai,0, Graduate, Yes,8200000,20800000,14,372,3800000,100000,26100000,5200000,35200000,Car Loan,11.3,101422,2,0.9, Rejected
L360,63,Female,Single,Tokyo,0, Not Graduate, No,2900000,9500000,18,885,4300000,2300000,6500000,3500000,16600000,Business Loan,8.98,149536,4,0.57, Approved
L361,47,Male,Married,New York,1, Not Graduate, Yes,9900000,38400000,12,596,10000000,9300000,36500000,6800000,62600000,Car Loan,13.97,127526,3,0.68, Approved
L362,32,Female,Married,Tokyo,0, Graduate, No,4400000,14100000,2,349,3300000,1300000,8800000,6200000,19600000,Car Loan,8.0,113910,3,0.21, Approved
L363,29,Male,Married,Bengaluru,1, Not Graduate, Yes,9000000,32200000,16,468,4500000,16400000,28600000,10900000,60400000,Business Loan,9.5,73084,2,0.77, Rejected
L364,33,Female,Married,Bengaluru,3, Not Graduate, Yes,6800000,26900000,16,818,14700000,10400000,26300000,7300000,58700000,Car Loan,5.99,146450,4,0.74, Approved
L365,59,Male,Married,Mumbai,2, Not Graduate, No,8700000,28000000,12,543,16900000,6000000,22900000,6700000,52500000,Education Loan,8.64,120761,4,0.74, Rejected
L366,40,Male,Married,Tokyo,3, Graduate, No,9400000,21900000,16,685,8100000,5600000,34500000,5000000,53200000,Business Loan,14.95,92491,3,0.9, Approved
L367,42,Female,Married,New York,3, Not Graduate, Yes,6000000,12500000,18,851,14600000,5000000,16800000,5000000,41400000,Education Loan,8.84,59559,3,0.46, Approved
L368,63,Female,Single,Tokyo,1, Not Graduate, Yes,9400000,29800000,10,377,24100000,18500000,30900000,11700000,85200000,Home Loan,14.73,51798,1,0.25, Rejected
L369,28,Male,Married,Delhi,0, Not Graduate, Yes,1000000,4000000,10,620,2400000,1300000,3700000,1100000,8500000,Business Loan,6.88,49743,4,0.3, Approved
L370,45,Female,Married,Kolkata,3, Graduate, Yes,900000,2300000,20,611,600000,1500000,1900000,500000,4500000,Business Loan,10.03,34437,2,0.7, Approved
L371,48,Female,Single,Tokyo,4, Not Graduate, No,2100000,7700000,4,767,1200000,1700000,6900000,1300000,11100000,Personal Loan,6.32,58154,4,0.89, Approved
L372,27,Male,Married,Dubai,5, Graduate, Yes,1100000,3200000,20,592,3200000,700000,3500000,500000,7900000,Business Loan,5.48,81622,0,0.71, Approved
L373,49,Male,Married,Chennai,0, Graduate, Yes,600000,2300000,4,319,1600000,800000,2300000,700000,5400000,Car Loan,11.64,30730,4,0.23, Approved
L374,38,Female,Married,Chennai,4, Not Graduate, Yes,9200000,25500000,10,900,9400000,10500000,27400000,12800000,60100000,Home Loan,10.77,46515,0,0.53, Approved
L375,59,Male,Married,Mumbai,2, Not Graduate, Yes,3600000,12800000,18,814,8600000,4100000,10300000,4100000,27100000,Personal Loan,8.75,86809,0,0.41, Approved
L376,36,Female,Married,London,5, Not Graduate, Yes,1300000,5000000,10,755,2100000,2200000,4800000,1900000,11000000,Education Loan,8.52,119796,4,0.72, Approved
L377,47,Female,Single,Chennai,5, Graduate, Yes,7700000,16800000,20,584,8600000,4800000,23400000,8000000,44800000,Car Loan,13.23,128053,1,0.18, Approved
L378,33,Male,Married,Bengaluru,4, Graduate, Yes,9500000,23500000,14,380,22900000,6700000,25100000,7300000,62000000,Car Loan,10.45,61153,1,0.53, Rejected
L379,59,Male,Married,Kolkata,2, Not Graduate, Yes,5000000,17600000,20,465,6200000,5200000,16500000,5200000,33100000,Car Loan,7.57,106247,1,0.49, Rejected
L380,36,Female,Single,Tokyo,0, Not Graduate, No,500000,1800000,2,531,1300000,500000,1900000,700000,4400000,Business Loan,8.62,33595,2,0.2, Approved
L381,63,Female,Single,Sydney,1, Graduate, Yes,8300000,32100000,16,814,18500000,2700000,28900000,7500000,57600000,Home Loan,13.69,79820,4,0.14, Approved
L382,32,Female,Single,London,0, Graduate, No,5300000,17900000,6,678,4700000,3900000,14400000,3600000,26600000,Education Loan,12.38,130293,1,0.41, Approved
L383,40,Female,Married,Sydney,2, Not Graduate, Yes,9300000,29000000,12,655,7900000,6800000,29900000,4900000,49500000,Business Loan,12.84,43968,4,0.15, Approved
L384,30,Male,Married,Delhi,3, Not Graduate, No,2300000,7400000,2,682,6500000,2400000,7600000,2100000,18600000,Home Loan,8.39,68638,4,0.46, Approved
L385,36,Female,Single,Bengaluru,1, Not Graduate, No,400000,1300000,6,695,200000,500000,800000,100000,1600000,Home Loan,8.65,97711,2,0.19, Approved
L386,24,Male,Married,London,3, Not Graduate, No,3200000,10800000,4,833,2600000,1000000,8700000,2600000,14900000,Business Loan,10.72,142696,4,0.68, Approved
L387,25,Female,Single,London,5, Not Graduate, Yes,9400000,35300000,16,302,4100000,12500000,37000000,12900000,66500000,Education Loan,11.14,120948,0,0.42, Rejected
L388,58,Female,Married,Tokyo,1, Graduate, No,2300000,6600000,2,357,5900000,200000,6000000,2200000,14300000,Education Loan,9.38,88060,1,0.71, Rejected
L389,54,Male,Married,Chennai,5, Not Graduate, No,4300000,14500000,12,302,12500000,4300000,12500000,5100000,34400000,Car Loan,12.06,70596,1,0.67, Rejected
L390,35,Male,Married,Kolkata,0, Graduate, Yes,6200000,22400000,18,873,15700000,6600000,15800000,8200000,46300000,Education Loan,7.4,78544,4,0.58, Approved
L391,49,Male,Married,Kolkata,0, Not Graduate, Yes,7200000,19800000,12,658,12700000,8100000,25000000,7300000,53100000,Home Loan,9.01,149007,2,0.51, Approved
L392,32,Female,Married,Delhi,5, Graduate, Yes,2400000,8700000,18,877,2800000,2900000,7100000,1100000,13900000,Business Loan,12.29,31741,1,0.68, Approved
L393,41,Female,Single,Bengaluru,3, Not Graduate, No,2900000,6300000,8,648,3400000,3400000,7600000,1400000,15800000,Business Loan,11.57,97845,3,0.45, Approved
L394,43,Male,Single,Bengaluru,1, Graduate, No,1400000,5200000,12,730,2900000,0,3700000,700000,7300000,Home Loan,9.26,44098,2,0.71, Approved
L395,55,Male,Married,Kolkata,4, Not Graduate, Yes,2200000,8200000,14,737,5800000,2800000,8200000,1400000,18200000,Business Loan,11.12,34403,1,0.67, Approved
L396,27,Male,Married,Mumbai,2, Graduate, Yes,800000,3200000,10,584,0,200000,2100000,700000,3000000,Business Loan,7.05,40446,4,0.46, Rejected
L397,33,Female,Single,Sydney,0, Graduate, No,600000,1700000,2,621,400000,400000,2000000,200000,3000000,Car Loan,11.89,67277,2,0.7, Approved
L398,48,Female,Single,Kolkata,4, Graduate, Yes,700000,2700000,16,583,1100000,1200000,1400000,300000,4000000,Car Loan,9.22,113785,3,0.8, Approved
L399,46,Male,Married,New York,2, Not Graduate, No,8400000,25900000,16,621,8600000,13400000,33500000,4200000,59700000,Personal Loan,12.24,95935,2,0.37, Approved
L400,57,Female,Single,New York,2, Not Graduate, No,7100000,21500000,16,610,5800000,12100000,14200000,9300000,41400000,Education Loan,5.22,61595,2,0.69, Approved
L401,23,Male,Single,Delhi,4, Graduate, No,5400000,15700000,18,452,13700000,2600000,16500000,6600000,39400000,Personal Loan,5.0,137951,0,0.29, Rejected
L402,25,Female,Married,Chennai,5, Graduate, No,3700000,7300000,18,339,9300000,100000,13900000,5300000,28600000,Home Loan,11.84,47794,4,0.34, Rejected
L403,43,Female,Single,Dubai,3, Graduate, Yes,5200000,15200000,16,650,1300000,5700000,13500000,4100000,24600000,Education Loan,11.58,144303,3,0.33, Approved
L404,53,Male,Married,Kolkata,4, Not Graduate, Yes,200000,700000,10,672,200000,200000,300000,300000,1000000,Car Loan,10.75,143429,1,0.47, Approved
L405,63,Male,Married,Tokyo,3, Graduate, No,500000,1000000,20,501,800000,800000,900000,200000,2700000,Car Loan,14.23,105267,4,0.29, Rejected
L406,25,Male,Married,Dubai,2, Not Graduate, Yes,1800000,5700000,4,809,1200000,1900000,6300000,2400000,11800000,Business Loan,10.67,51621,4,0.66, Approved
L407,27,Male,Single,London,5, Graduate, Yes,9200000,29400000,8,318,18000000,5900000,33800000,5400000,63100000,Home Loan,7.19,91524,1,0.59, Rejected
L408,41,Female,Single,Kolkata,4, Not Graduate, No,900000,3300000,10,649,0,400000,1800000,1200000,3400000,Car Loan,7.39,134678,3,0.22, Approved
L409,41,Female,Married,Dubai,3, Not Graduate, No,7500000,28300000,12,367,9200000,11300000,22700000,7000000,50200000,Car Loan,9.97,75788,1,0.43, Rejected
L410,40,Female,Married,Delhi,5, Not Graduate, No,3000000,11800000,6,847,8200000,2200000,7100000,2300000,19800000,Education Loan,5.08,116654,0,0.77, Approved
L411,53,Male,Married,Dubai,5, Graduate, No,7100000,18900000,12,360,10700000,1100000,19800000,8500000,40100000,Personal Loan,9.96,122535,3,0.27, Rejected
L412,60,Female,Single,Delhi,1, Graduate, Yes,3500000,7200000,2,865,4100000,3200000,11900000,4200000,23400000,Car Loan,12.57,91516,0,0.32, Approved
L413,64,Male,Married,Chennai,4, Not Graduate, No,4900000,18800000,16,880,4200000,4700000,13200000,2600000,24700000,Business Loan,7.73,62119,0,0.69, Approved
L414,63,Female,Married,Sydney,1, Graduate, No,4100000,8400000,20,608,1400000,8000000,10000000,4400000,23800000,Business Loan,11.01,36946,3,0.21, Approved
L415,25,Male,Married,Delhi,0, Graduate, Yes,800000,2100000,6,760,300000,100000,1600000,600000,2600000,Education Loan,11.91,90575,1,0.35, Approved
L416,35,Male,Married,Bengaluru,3, Graduate, Yes,1700000,4600000,12,385,1500000,1300000,5200000,1700000,9700000,Car Loan,8.81,128531,3,0.6, Rejected
L417,49,Female,Single,Tokyo,0, Graduate, Yes,6100000,23300000,12,478,3800000,2300000,17700000,4900000,28700000,Business Loan,6.23,30260,3,0.43, Rejected
L418,44,Male,Married,New York,1, Graduate, Yes,2100000,7700000,16,327,5000000,500000,4700000,2300000,12500000,Car Loan,12.99,82878,0,0.33, Rejected
L419,61,Male,Single,Mumbai,0, Graduate, No,3100000,9300000,6,663,1300000,1400000,8100000,3800000,14600000,Personal Loan,8.54,107629,2,0.59, Approved
L420,26,Male,Married,Delhi,2, Not Graduate, Yes,1700000,3500000,20,693,2200000,1400000,4800000,1700000,10100000,Business Loan,8.82,131361,2,0.18, Approved
L421,44,Male,Single,Delhi,3, Graduate, No,1700000,5400000,6,710,4800000,700000,5800000,1700000,13000000,Personal Loan,12.36,139630,4,0.61, Approved
L422,61,Male,Married,Tokyo,4, Not Graduate, Yes,4000000,14500000,6,711,2400000,5700000,10900000,4100000,23100000,Business Loan,5.55,128001,3,0.59, Approved
L423,27,Male,Married,Delhi,5, Graduate, No,5600000,18400000,8,386,11300000,6700000,11300000,5600000,34900000,Education Loan,14.34,25716,3,0.73, Rejected
L424,26,Male,Single,Chennai,4, Graduate, Yes,3900000,11900000,10,855,10200000,4000000,10200000,2800000,27200000,Education Loan,13.82,33839,1,0.46, Approved
L425,62,Female,Married,Sydney,4, Graduate, Yes,6100000,15300000,14,573,1100000,9900000,13300000,8400000,32700000,Personal Loan,6.73,70588,1,0.7, Approved
L426,43,Female,Single,Chennai,0, Graduate, Yes,1100000,2800000,18,431,500000,300000,4300000,1400000,6500000,Car Loan,8.29,126500,3,0.3, Rejected
L427,40,Female,Single,Mumbai,2, Graduate, No,5500000,14800000,8,364,13000000,4500000,12600000,4500000,34600000,Personal Loan,14.6,87857,0,0.49, Rejected
L428,51,Female,Married,London,4, Graduate, Yes,1100000,3600000,14,711,2500000,500000,3600000,600000,7200000,Home Loan,8.55,144782,4,0.75, Approved
L429,52,Male,Single,Tokyo,4, Not Graduate, Yes,400000,900000,20,771,1000000,500000,1600000,500000,3600000,Home Loan,9.44,31371,2,0.88, Approved
L430,45,Female,Single,London,3, Graduate, No,9200000,36400000,18,669,3100000,12700000,30900000,12300000,59000000,Home Loan,13.79,27630,4,0.62, Approved
L431,42,Male,Married,Tokyo,4, Not Graduate, Yes,9300000,27500000,18,338,21500000,500000,34900000,6600000,63500000,Education Loan,11.15,145968,0,0.54, Rejected
L432,27,Female,Married,Chennai,1, Graduate, No,1100000,3500000,8,562,2300000,1200000,3200000,500000,7200000,Personal Loan,13.47,32904,4,0.33, Approved
L433,25,Female,Single,Bengaluru,3, Not Graduate, No,5600000,18700000,2,769,8000000,8200000,17300000,4800000,38300000,Car Loan,8.09,27685,3,0.15, Approved
L434,35,Male,Single,Dubai,0, Graduate, Yes,6300000,21500000,8,629,600000,3400000,22000000,5200000,31200000,Home Loan,13.88,71365,2,0.69, Approved
L435,32,Female,Single,Kolkata,3, Graduate, No,8800000,18100000,6,699,6400000,2100000,18500000,9400000,36400000,Personal Loan,10.36,15840,2,0.62, Approved
L436,53,Male,Married,Chennai,0, Not Graduate, No,8400000,20800000,20,590,5100000,8900000,32100000,10800000,56900000,Education Loan,9.11,48958,4,0.67, Approved
L437,22,Female,Single,Sydney,3, Graduate, Yes,1600000,5700000,4,707,3300000,2700000,6200000,2300000,14500000,Education Loan,12.28,53587,0,0.47, Approved
L438,60,Male,Single,Kolkata,3, Not Graduate, Yes,4500000,11400000,8,391,8500000,6800000,9900000,4500000,29700000,Education Loan,14.67,42244,2,0.69, Rejected
L439,49,Female,Married,Tokyo,5, Not Graduate, No,6500000,18500000,4,891,13600000,3300000,23600000,7100000,47600000,Car Loan,10.48,41005,0,0.27, Approved
L440,56,Female,Married,Sydney,3, Graduate, Yes,9500000,20600000,2,731,13400000,3800000,20700000,9200000,47100000,Business Loan,13.29,74257,0,0.1, Approved
L441,46,Male,Married,Kolkata,3, Not Graduate, No,4700000,16700000,12,775,4000000,1700000,17300000,3500000,26500000,Business Loan,10.54,86189,2,0.57, Approved
L442,48,Male,Married,London,5, Graduate, Yes,9600000,32400000,2,897,3500000,15400000,26800000,6200000,51900000,Personal Loan,11.41,141789,0,0.21, Approved
L443,55,Male,Single,Bengaluru,5, Graduate, No,8000000,26700000,20,794,8000000,14700000,29900000,7800000,60400000,Car Loan,5.47,42772,3,0.28, Approved
L444,35,Male,Married,Mumbai,2, Graduate, No,7700000,16700000,6,555,12900000,2900000,18100000,8500000,42400000,Personal Loan,11.96,47984,4,0.73, Approved
L445,39,Female,Married,Dubai,1, Not Graduate, Yes,3600000,10300000,12,536,6800000,500000,12200000,2700000,22200000,Car Loan,7.12,42862,3,0.71, Rejected
L446,59,Female,Single,Sydney,2, Not Graduate, No,700000,1700000,10,839,100000,700000,2000000,900000,3700000,Personal Loan,7.41,76195,0,0.85, Approved
L447,22,Male,Married,Chennai,0, Graduate, Yes,1400000,5100000,6,890,4100000,1900000,5200000,1900000,13100000,Car Loan,5.94,87064,4,0.69, Approved
L448,46,Female,Married,Sydney,1, Graduate, Yes,8600000,27900000,20,415,12200000,14800000,27100000,7900000,62000000,Business Loan,5.21,88605,1,0.85, Rejected
L449,64,Female,Single,Dubai,4, Graduate, No,4700000,15700000,4,868,3300000,2500000,13800000,4800000,24400000,Business Loan,8.14,51585,1,0.12, Approved
L450,58,Male,Single,Sydney,3, Graduate, Yes,2900000,5800000,12,353,8400000,2600000,10100000,3100000,24200000,Personal Loan,9.48,32913,3,0.56, Rejected
L451,26,Female,Married,New York,4, Not Graduate, No,9000000,29000000,16,590,4600000,15600000,29200000,12300000,61700000,Car Loan,5.28,42668,0,0.19, Approved
L452,61,Male,Married,Mumbai,5, Graduate, Yes,500000,900000,18,618,1400000,600000,1200000,400000,3600000,Education Loan,10.46,141889,2,0.26, Approved
L453,38,Male,Married,New York,2, Not Graduate, Yes,700000,1700000,10,539,1400000,1000000,1900000,900000,5200000,Business Loan,8.18,119764,1,0.75, Rejected
L454,48,Male,Single,Sydney,0, Graduate, No,6800000,27000000,4,429,17100000,7600000,21400000,9400000,55500000,Home Loan,14.57,44081,3,0.46, Approved
L455,41,Male,Single,London,2, Graduate, No,1800000,4700000,8,792,4500000,1200000,4100000,2200000,12000000,Personal Loan,6.19,69363,0,0.52, Approved
L456,59,Male,Married,Dubai,0, Not Graduate, No,6000000,12400000,2,608,3000000,2100000,17900000,6800000,29800000,Education Loan,13.79,35953,3,0.75, Approved
L457,44,Female,Married,New York,4, Graduate, Yes,5400000,21500000,14,555,4300000,1500000,14300000,7500000,27600000,Business Loan,13.08,144056,4,0.15, Approved
L458,39,Female,Single,Mumbai,5, Graduate, Yes,8400000,17500000,12,620,15300000,13600000,26000000,5800000,60700000,Business Loan,10.77,54635,4,0.45, Approved
L459,52,Female,Married,Mumbai,0, Graduate, No,7400000,20900000,6,635,15600000,14000000,21000000,7200000,57800000,Personal Loan,8.65,60382,3,0.16, Approved
L460,31,Male,Single,Delhi,2, Graduate, No,3200000,12500000,10,457,6100000,2000000,8200000,4300000,20600000,Personal Loan,10.35,114834,1,0.13, Rejected
L461,46,Male,Married,Dubai,1, Graduate, Yes,5400000,21400000,8,350,2600000,1000000,19700000,6800000,30100000,Personal Loan,13.93,69005,3,0.7, Rejected
L462,56,Male,Single,Delhi,5, Graduate, Yes,1000000,2500000,14,885,2200000,100000,2300000,1100000,5700000,Personal Loan,14.22,90781,0,0.48, Approved
L463,48,Female,Single,New York,0, Graduate, No,4400000,14700000,16,638,4000000,2700000,14400000,2700000,23800000,Education Loan,12.22,132777,2,0.11, Approved
L464,54,Male,Single,Tokyo,1, Graduate, Yes,3800000,10500000,12,710,1800000,6200000,12500000,2500000,23000000,Business Loan,11.46,42291,1,0.19, Approved
L465,23,Male,Single,Delhi,3, Not Graduate, Yes,6100000,20900000,18,470,500000,8500000,18000000,7500000,34500000,Business Loan,5.8,56880,3,0.35, Rejected
L466,52,Female,Married,Tokyo,5, Not Graduate, Yes,5500000,17300000,16,874,1000000,2900000,13700000,7900000,25500000,Personal Loan,11.76,32024,1,0.42, Approved
L467,54,Male,Married,London,5, Not Graduate, Yes,500000,1800000,18,411,1000000,500000,1300000,200000,3000000,Home Loan,13.22,21288,0,0.63, Rejected
L468,38,Male,Single,Kolkata,0, Not Graduate, Yes,300000,1100000,2,482,200000,100000,1100000,400000,1800000,Education Loan,5.04,146660,0,0.42, Approved
L469,60,Male,Single,Tokyo,1, Graduate, Yes,6200000,16900000,2,396,10600000,7500000,23700000,7600000,49400000,Car Loan,8.32,92272,3,0.22, Rejected
L470,34,Female,Single,Chennai,0, Not Graduate, No,300000,900000,20,436,0,400000,600000,200000,1200000,Business Loan,11.74,127276,0,0.25, Rejected
L471,52,Female,Single,Tokyo,0, Not Graduate, Yes,6900000,22100000,20,303,13600000,4600000,22000000,6900000,47100000,Home Loan,5.18,145012,0,0.32, Rejected
L472,23,Male,Single,Kolkata,4, Graduate, No,3700000,11400000,12,728,4200000,5800000,7300000,2300000,19600000,Car Loan,11.8,125997,2,0.38, Approved
L473,32,Female,Married,Chennai,3, Not Graduate, Yes,8800000,28600000,10,775,5200000,5000000,32000000,9600000,51800000,Home Loan,10.18,66504,3,0.13, Approved
L474,23,Female,Single,London,5, Graduate, Yes,8200000,23500000,12,402,15100000,1500000,24300000,5800000,46700000,Personal Loan,11.59,19067,3,0.6, Rejected
L475,44,Male,Single,Chennai,1, Not Graduate, Yes,9200000,31500000,18,698,5300000,6100000,20400000,8300000,40100000,Business Loan,9.14,113805,0,0.7, Approved
L476,42,Male,Single,Delhi,0, Not Graduate, No,2400000,7800000,14,665,5200000,2900000,6200000,2900000,17200000,Education Loan,10.71,21284,2,0.65, Approved
L477,36,Male,Single,Kolkata,4, Not Graduate, No,4100000,13500000,18,490,4700000,6200000,13900000,2000000,26800000,Car Loan,8.25,37336,1,0.22, Rejected
L478,27,Male,Single,Bengaluru,1, Graduate, No,8000000,31900000,12,504,23800000,1500000,22100000,6000000,53400000,Education Loan,11.45,87609,1,0.45, Rejected
L479,63,Male,Single,Kolkata,3, Not Graduate, Yes,3600000,8600000,8,790,5400000,5900000,9800000,5200000,26300000,Business Loan,7.04,104842,4,0.28, Approved
L480,63,Female,Married,London,1, Not Graduate, Yes,700000,2700000,20,669,100000,1000000,2600000,500000,4200000,Home Loan,14.51,109599,0,0.45, Approved
L481,52,Male,Married,Kolkata,4, Not Graduate, No,8300000,30700000,6,381,21700000,2300000,26700000,4600000,55300000,Car Loan,6.11,116668,1,0.47, Rejected
L482,41,Female,Single,Kolkata,0, Graduate, Yes,5300000,15000000,2,900,1700000,2100000,21000000,5800000,30600000,Business Loan,9.48,39149,3,0.54, Approved
L483,37,Male,Married,Tokyo,4, Graduate, No,8300000,24900000,16,506,15400000,5600000,26700000,7000000,54700000,Business Loan,7.31,63095,0,0.73, Rejected
L484,63,Male,Married,London,3, Not Graduate, Yes,2500000,8800000,12,538,4900000,1800000,9100000,3300000,19100000,Business Loan,7.23,20257,0,0.21, Rejected
L485,42,Female,Single,London,3, Graduate, Yes,5400000,14400000,8,677,11000000,7900000,20800000,3100000,42800000,Personal Loan,12.28,73115,1,0.81, Approved
L486,59,Male,Married,Delhi,4, Graduate, No,1600000,4900000,8,685,3200000,2000000,3800000,1500000,10500000,Car Loan,8.18,140525,0,0.88, Approved
L487,59,Male,Married,London,2, Not Graduate, No,2400000,6200000,12,860,4900000,3700000,9500000,1100000,19200000,Car Loan,6.81,62382,0,0.11, Approved
L488,36,Male,Single,Chennai,5, Not Graduate, No,6300000,14800000,6,608,16100000,10500000,21800000,5400000,53800000,Education Loan,13.87,29934,1,0.58, Approved
L489,24,Female,Married,New York,4, Graduate, Yes,2500000,5300000,10,540,2300000,2800000,7100000,1700000,13900000,Car Loan,8.17,83942,3,0.33, Rejected
L490,57,Female,Single,Bengaluru,0, Graduate, Yes,7500000,16800000,16,492,21500000,4800000,25400000,11100000,62800000,Business Loan,6.93,61333,4,0.21, Rejected
L491,40,Male,Married,Chennai,3, Not Graduate, No,2900000,8500000,14,834,1200000,4500000,8800000,1800000,16300000,Personal Loan,7.18,71357,1,0.88, Approved
L492,45,Male,Single,Chennai,3, Graduate, Yes,1000000,3500000,16,834,800000,1700000,3000000,700000,6200000,Car Loan,8.3,111241,1,0.71, Approved
L493,54,Female,Single,London,2, Graduate, Yes,8600000,28800000,8,890,23300000,5900000,21200000,7200000,57600000,Home Loan,8.91,149746,1,0.44, Approved
L494,45,Male,Married,Dubai,1, Not Graduate, No,300000,1100000,12,443,600000,400000,1200000,200000,2400000,Home Loan,11.14,24842,3,0.47, Rejected
L495,33,Male,Married,New York,5, Not Graduate, No,2300000,5700000,18,329,5600000,3300000,4900000,2700000,16500000,Personal Loan,8.3,109709,3,0.32, Rejected
L496,54,Female,Married,Tokyo,2, Not Graduate, Yes,2400000,5400000,12,739,300000,2500000,5000000,3000000,10800000,Personal Loan,5.21,94108,1,0.65, Approved
L497,52,Female,Single,Chennai,5, Graduate, Yes,9800000,30300000,6,867,20800000,16000000,30200000,7600000,74600000,Business Loan,8.45,145900,2,0.8, Approved
L498,60,Female,Married,Dubai,2, Not Graduate, No,8100000,24800000,6,307,200000,4000000,31100000,10500000,45800000,Home Loan,9.7,144745,4,0.35, Rejected
L499,24,Male,Single,London,3, Graduate, No,6700000,15500000,18,492,2100000,2000000,26300000,9400000,39800000,Business Loan,14.5,57581,2,0.53, Rejected
L500,56,Female,Single,London,1, Not Graduate, Yes,8400000,24700000,18,698,23000000,13200000,32700000,12200000,81100000,Home Loan,5.22,131644,4,0.54, Approved
L501,32,Male,Married,Mumbai,2, Graduate, No,200000,700000,8,851,400000,200000,800000,200000,1600000,Car Loan,12.06,64039,2,0.65, Approved
L502,36,Male,Married,Chennai,2, Graduate, No,4700000,12500000,14,375,1300000,6300000,10100000,5400000,23100000,Car Loan,14.14,63439,1,0.27, Rejected
L503,43,Female,Single,Delhi,0, Graduate, Yes,4300000,14300000,14,601,3800000,900000,16700000,5700000,27100000,Home Loan,9.5,39549,4,0.37, Approved
L504,63,Female,Single,Tokyo,4, Not Graduate, No,2200000,7000000,20,756,3600000,3900000,5700000,1200000,14400000,Business Loan,14.34,149683,3,0.11, Approved
L505,61,Female,Married,Sydney,4, Graduate, Yes,8600000,19200000,4,868,20400000,1500000,32800000,9300000,64000000,Car Loan,6.63,54997,4,0.48, Approved
L506,36,Female,Married,New York,4, Graduate, Yes,2000000,7200000,10,838,2500000,300000,7600000,1000000,11400000,Personal Loan,10.51,21881,3,0.72, Approved
L507,35,Female,Married,Chennai,4, Not Graduate, Yes,4200000,15900000,14,375,7200000,7900000,16200000,3000000,34300000,Car Loan,6.84,114881,1,0.49, Rejected
L508,62,Male,Single,Dubai,0, Not Graduate, Yes,5100000,12500000,18,778,3300000,1000000,14800000,3200000,22300000,Car Loan,7.01,45782,0,0.23, Approved
L509,30,Male,Married,Mumbai,2, Graduate, Yes,4100000,11200000,6,442,12200000,4100000,10000000,4500000,30800000,Home Loan,6.4,38904,4,0.9, Rejected
L510,25,Male,Married,Delhi,1, Graduate, Yes,9900000,39500000,12,808,11800000,3700000,30200000,13500000,59200000,Home Loan,9.0,145093,4,0.46, Approved
L511,34,Male,Single,Delhi,1, Not Graduate, Yes,3200000,9000000,20,372,2700000,2800000,7200000,3800000,16500000,Business Loan,7.5,111785,1,0.6, Rejected
L512,42,Female,Married,Tokyo,2, Graduate, No,5500000,19000000,4,597,1100000,4000000,18700000,5300000,29100000,Home Loan,9.23,92080,0,0.58, Approved
L513,46,Female,Married,Tokyo,0, Graduate, Yes,7800000,29100000,20,435,21100000,13000000,17300000,9700000,61100000,Home Loan,13.51,18709,3,0.43, Rejected
L514,52,Male,Single,Tokyo,3, Graduate, Yes,3400000,9700000,20,728,1500000,1500000,7300000,2400000,12700000,Personal Loan,6.68,86585,3,0.73, Approved
L515,35,Male,Married,Chennai,4, Graduate, Yes,7900000,25900000,14,373,10900000,14300000,27700000,7600000,60500000,Business Loan,6.5,119017,1,0.8, Rejected
L516,54,Male,Single,Mumbai,3, Graduate, Yes,8900000,18500000,10,367,6100000,0,32000000,10300000,48400000,Education Loan,7.61,27951,2,0.43, Rejected
L517,45,Male,Married,Bengaluru,2, Graduate, No,7300000,19100000,14,552,2000000,13400000,16800000,4000000,36200000,Car Loan,12.9,69968,4,0.7, Approved
L518,41,Male,Married,Sydney,4, Not Graduate, Yes,3300000,10600000,8,465,500000,4400000,7300000,2800000,15000000,Business Loan,7.17,30403,1,0.63, Rejected
L519,23,Male,Single,Tokyo,4, Graduate, Yes,2900000,10500000,8,607,4400000,5500000,7600000,3800000,21300000,Business Loan,8.46,58307,3,0.77, Approved
L520,60,Male,Single,Delhi,2, Graduate, Yes,500000,1300000,4,427,1400000,500000,1800000,600000,4300000,Education Loan,14.64,106090,4,0.78, Rejected
L521,43,Female,Single,Mumbai,3, Not Graduate, No,7200000,21200000,4,711,10800000,4200000,24900000,5700000,45600000,Business Loan,6.76,74254,4,0.47, Approved
L522,53,Male,Married,London,3, Not Graduate, No,8300000,24100000,14,823,5900000,700000,24000000,7700000,38300000,Home Loan,8.73,67922,0,0.27, Approved
L523,60,Male,Married,Delhi,1, Not Graduate, Yes,8700000,20500000,6,523,19300000,6500000,23700000,4800000,54300000,Car Loan,6.39,145899,2,0.5, Rejected
L524,33,Female,Single,Mumbai,4, Not Graduate, Yes,7100000,27900000,10,328,9000000,13400000,26500000,7700000,56600000,Car Loan,9.01,38119,2,0.74, Rejected
L525,27,Male,Married,Chennai,3, Graduate, Yes,9800000,28200000,12,721,15800000,6500000,21900000,9600000,53800000,Personal Loan,9.84,76628,2,0.11, Approved
L526,56,Female,Single,Mumbai,0, Graduate, Yes,6900000,17000000,20,599,18100000,9400000,26600000,4300000,58400000,Car Loan,13.16,17745,0,0.7, Approved
L527,44,Male,Married,Chennai,0, Not Graduate, No,2400000,5000000,14,580,5900000,4400000,5500000,3200000,19000000,Personal Loan,5.05,64251,3,0.64, Approved
L528,57,Male,Married,Bengaluru,1, Not Graduate, Yes,2100000,4900000,10,744,200000,2000000,5400000,1000000,8600000,Business Loan,13.55,39521,4,0.21, Approved
L529,32,Female,Single,New York,2, Graduate, Yes,7200000,23900000,4,559,4200000,12200000,17800000,10800000,45000000,Car Loan,14.3,82114,0,0.42, Approved
